ID,seg,music_training,press
W23-YKF,Seg1,10,0
W23-YKF,Seg2,10,0
W23-YKF,Seg3,10,0
W23-YKF,Seg4,10,0
W23-YKF,Seg5,10,0
W23-YKF,Seg6,10,0
W23-YKF,Seg7,10,0
W23-YKF,Seg8,10,0
W23-YKF,Seg9,10,0
W23-YKF,Seg10,10,0
W23-YKF,Seg11,10,0
W23-YKF,Seg12,10,0
W23-YKF,Seg13,10,0
W23-YKF,Seg14,10,0
W23-YKF,Seg15,10,0
W23-YKF,Seg16,10,0
W23-YKF,Seg17,10,0
W23-YKF,Seg18,10,0
W23-YKF,Seg19,10,0
W23-YKF,Seg20,10,0
W23-YKF,Seg21,10,0
S06-BRW,Seg1,7,0
S06-BRW,Seg2,7,1
S06-BRW,Seg3,7,0
S06-BRW,Seg4,7,1
S06-BRW,Seg5,7,0
S06-BRW,Seg6,7,0
S06-BRW,Seg7,7,0
S06-BRW,Seg8,7,0
S06-BRW,Seg9,7,1
S06-BRW,Seg10,7,0
S06-BRW,Seg11,7,0
S06-BRW,Seg12,7,0
S06-BRW,Seg13,7,0
S06-BRW,Seg14,7,0
S06-BRW,Seg15,7,1
S06-BRW,Seg16,7,0
S06-BRW,Seg17,7,0
S06-BRW,Seg18,7,0
S06-BRW,Seg19,7,0
S06-BRW,Seg20,7,0
S06-BRW,Seg21,7,1
N70-YTS,Seg1,10,0
N70-YTS,Seg2,10,0
N70-YTS,Seg3,10,0
N70-YTS,Seg4,10,1
N70-YTS,Seg5,10,0
N70-YTS,Seg6,10,0
N70-YTS,Seg7,10,0
N70-YTS,Seg8,10,0
N70-YTS,Seg9,10,0
N70-YTS,Seg10,10,0
N70-YTS,Seg11,10,0
N70-YTS,Seg12,10,0
N70-YTS,Seg13,10,0
N70-YTS,Seg14,10,0
N70-YTS,Seg15,10,0
N70-YTS,Seg16,10,0
N70-YTS,Seg17,10,0
N70-YTS,Seg18,10,0
N70-YTS,Seg19,10,0
N70-YTS,Seg20,10,0
N70-YTS,Seg21,10,0
S26-WMX,Seg1,8,0
S26-WMX,Seg2,8,0
S26-WMX,Seg3,8,0
S26-WMX,Seg4,8,0
S26-WMX,Seg5,8,0
S26-WMX,Seg6,8,0
S26-WMX,Seg7,8,0
S26-WMX,Seg8,8,0
S26-WMX,Seg9,8,0
S26-WMX,Seg10,8,0
S26-WMX,Seg11,8,0
S26-WMX,Seg12,8,0
S26-WMX,Seg13,8,0
S26-WMX,Seg14,8,0
S26-WMX,Seg15,8,0
S26-WMX,Seg16,8,0
S26-WMX,Seg17,8,0
S26-WMX,Seg18,8,0
S26-WMX,Seg19,8,0
S26-WMX,Seg20,8,0
S26-WMX,Seg21,8,0
K73-KVY,Seg1,6,0
K73-KVY,Seg2,6,0
K73-KVY,Seg3,6,0
K73-KVY,Seg4,6,0
K73-KVY,Seg5,6,0
K73-KVY,Seg6,6,0
K73-KVY,Seg7,6,0
K73-KVY,Seg8,6,0
K73-KVY,Seg9,6,0
K73-KVY,Seg10,6,0
K73-KVY,Seg11,6,0
K73-KVY,Seg12,6,0
K73-KVY,Seg13,6,0
K73-KVY,Seg14,6,0
K73-KVY,Seg15,6,0
K73-KVY,Seg16,6,0
K73-KVY,Seg17,6,0
K73-KVY,Seg18,6,0
K73-KVY,Seg19,6,0
K73-KVY,Seg20,6,0
K73-KVY,Seg21,6,0
R12-RXN,Seg1,10,0
R12-RXN,Seg2,10,0
R12-RXN,Seg3,10,1
R12-RXN,Seg4,10,0
R12-RXN,Seg5,10,0
R12-RXN,Seg6,10,1
R12-RXN,Seg7,10,0
R12-RXN,Seg8,10,0
R12-RXN,Seg9,10,1
R12-RXN,Seg10,10,0
R12-RXN,Seg11,10,0
R12-RXN,Seg12,10,0
R12-RXN,Seg13,10,0
R12-RXN,Seg14,10,0
R12-RXN,Seg15,10,0
R12-RXN,Seg16,10,0
R12-RXN,Seg17,10,0
R12-RXN,Seg18,10,0
R12-RXN,Seg19,10,0
R12-RXN,Seg20,10,1
R12-RXN,Seg21,10,0
B22-WYD,Seg1,3,0
B22-WYD,Seg2,3,0
B22-WYD,Seg3,3,0
B22-WYD,Seg4,3,0
B22-WYD,Seg5,3,0
B22-WYD,Seg6,3,0
B22-WYD,Seg7,3,0
B22-WYD,Seg8,3,0
B22-WYD,Seg9,3,0
B22-WYD,Seg10,3,0
B22-WYD,Seg11,3,0
B22-WYD,Seg12,3,0
B22-WYD,Seg13,3,0
B22-WYD,Seg14,3,0
B22-WYD,Seg15,3,0
B22-WYD,Seg16,3,0
B22-WYD,Seg17,3,0
B22-WYD,Seg18,3,0
B22-WYD,Seg19,3,0
B22-WYD,Seg20,3,0
B22-WYD,Seg21,3,0
V34-VSV,Seg1,7,0
V34-VSV,Seg2,7,0
V34-VSV,Seg3,7,1
V34-VSV,Seg4,7,0
V34-VSV,Seg5,7,0
V34-VSV,Seg6,7,0
V34-VSV,Seg7,7,0
V34-VSV,Seg8,7,0
V34-VSV,Seg9,7,1
V34-VSV,Seg10,7,0
V34-VSV,Seg11,7,0
V34-VSV,Seg12,7,0
V34-VSV,Seg13,7,0
V34-VSV,Seg14,7,0
V34-VSV,Seg15,7,0
V34-VSV,Seg16,7,1
V34-VSV,Seg17,7,0
V34-VSV,Seg18,7,0
V34-VSV,Seg19,7,0
V34-VSV,Seg20,7,0
V34-VSV,Seg21,7,0
R86-RGT,Seg1,5,0
R86-RGT,Seg2,5,0
R86-RGT,Seg3,5,0
R86-RGT,Seg4,5,0
R86-RGT,Seg5,5,0
R86-RGT,Seg6,5,0
R86-RGT,Seg7,5,0
R86-RGT,Seg8,5,0
R86-RGT,Seg9,5,0
R86-RGT,Seg10,5,0
R86-RGT,Seg11,5,0
R86-RGT,Seg12,5,0
R86-RGT,Seg13,5,0
R86-RGT,Seg14,5,0
R86-RGT,Seg15,5,0
R86-RGT,Seg16,5,1
R86-RGT,Seg17,5,0
R86-RGT,Seg18,5,0
R86-RGT,Seg19,5,0
R86-RGT,Seg20,5,0
R86-RGT,Seg21,5,0
V31-NKD,Seg1,10,0
V31-NKD,Seg2,10,0
V31-NKD,Seg3,10,0
V31-NKD,Seg4,10,0
V31-NKD,Seg5,10,0
V31-NKD,Seg6,10,0
V31-NKD,Seg7,10,0
V31-NKD,Seg8,10,0
V31-NKD,Seg9,10,0
V31-NKD,Seg10,10,0
V31-NKD,Seg11,10,0
V31-NKD,Seg12,10,0
V31-NKD,Seg13,10,0
V31-NKD,Seg14,10,0
V31-NKD,Seg15,10,0
V31-NKD,Seg16,10,0
V31-NKD,Seg17,10,0
V31-NKD,Seg18,10,0
V31-NKD,Seg19,10,0
V31-NKD,Seg20,10,0
V31-NKD,Seg21,10,0
F18-CDZ,Seg1,3,0
F18-CDZ,Seg2,3,0
F18-CDZ,Seg3,3,1
F18-CDZ,Seg4,3,1
F18-CDZ,Seg5,3,0
F18-CDZ,Seg6,3,0
F18-CDZ,Seg7,3,0
F18-CDZ,Seg8,3,0
F18-CDZ,Seg9,3,0
F18-CDZ,Seg10,3,0
F18-CDZ,Seg11,3,0
F18-CDZ,Seg12,3,1
F18-CDZ,Seg13,3,0
F18-CDZ,Seg14,3,0
F18-CDZ,Seg15,3,0
F18-CDZ,Seg16,3,0
F18-CDZ,Seg17,3,0
F18-CDZ,Seg18,3,0
F18-CDZ,Seg19,3,0
F18-CDZ,Seg20,3,1
F18-CDZ,Seg21,3,0
W43-RGY,Seg1,5,0
W43-RGY,Seg2,5,0
W43-RGY,Seg3,5,0
W43-RGY,Seg4,5,0
W43-RGY,Seg5,5,0
W43-RGY,Seg6,5,0
W43-RGY,Seg7,5,0
W43-RGY,Seg8,5,0
W43-RGY,Seg9,5,0
W43-RGY,Seg10,5,0
W43-RGY,Seg11,5,0
W43-RGY,Seg12,5,0
W43-RGY,Seg13,5,0
W43-RGY,Seg14,5,0
W43-RGY,Seg15,5,0
W43-RGY,Seg16,5,0
W43-RGY,Seg17,5,0
W43-RGY,Seg18,5,0
W43-RGY,Seg19,5,0
W43-RGY,Seg20,5,0
W43-RGY,Seg21,5,0
Z40-FKG,Seg1,10,0
Z40-FKG,Seg2,10,0
Z40-FKG,Seg3,10,0
Z40-FKG,Seg4,10,0
Z40-FKG,Seg5,10,0
Z40-FKG,Seg6,10,0
Z40-FKG,Seg7,10,0
Z40-FKG,Seg8,10,0
Z40-FKG,Seg9,10,0
Z40-FKG,Seg10,10,0
Z40-FKG,Seg11,10,0
Z40-FKG,Seg12,10,1
Z40-FKG,Seg13,10,0
Z40-FKG,Seg14,10,0
Z40-FKG,Seg15,10,0
Z40-FKG,Seg16,10,0
Z40-FKG,Seg17,10,0
Z40-FKG,Seg18,10,0
Z40-FKG,Seg19,10,0
Z40-FKG,Seg20,10,0
Z40-FKG,Seg21,10,0
B35-DRN,Seg1,4,0
B35-DRN,Seg2,4,0
B35-DRN,Seg3,4,0
B35-DRN,Seg4,4,0
B35-DRN,Seg5,4,0
B35-DRN,Seg6,4,0
B35-DRN,Seg7,4,0
B35-DRN,Seg8,4,0
B35-DRN,Seg9,4,0
B35-DRN,Seg10,4,0
B35-DRN,Seg11,4,0
B35-DRN,Seg12,4,0
B35-DRN,Seg13,4,0
B35-DRN,Seg14,4,0
B35-DRN,Seg15,4,0
B35-DRN,Seg16,4,0
B35-DRN,Seg17,4,0
B35-DRN,Seg18,4,0
B35-DRN,Seg19,4,0
B35-DRN,Seg20,4,0
B35-DRN,Seg21,4,0
S33-YTB,Seg1,10,0
S33-YTB,Seg2,10,0
S33-YTB,Seg3,10,0
S33-YTB,Seg4,10,0
S33-YTB,Seg5,10,0
S33-YTB,Seg6,10,0
S33-YTB,Seg7,10,0
S33-YTB,Seg8,10,0
S33-YTB,Seg9,10,0
S33-YTB,Seg10,10,0
S33-YTB,Seg11,10,0
S33-YTB,Seg12,10,1
S33-YTB,Seg13,10,0
S33-YTB,Seg14,10,0
S33-YTB,Seg15,10,0
S33-YTB,Seg16,10,0
S33-YTB,Seg17,10,0
S33-YTB,Seg18,10,0
S33-YTB,Seg19,10,0
S33-YTB,Seg20,10,0
S33-YTB,Seg21,10,0
R57-GKS,Seg1,0,0
R57-GKS,Seg2,0,0
R57-GKS,Seg3,0,1
R57-GKS,Seg4,0,0
R57-GKS,Seg5,0,0
R57-GKS,Seg6,0,0
R57-GKS,Seg7,0,0
R57-GKS,Seg8,0,0
R57-GKS,Seg9,0,0
R57-GKS,Seg10,0,0
R57-GKS,Seg11,0,0
R57-GKS,Seg12,0,0
R57-GKS,Seg13,0,0
R57-GKS,Seg14,0,0
R57-GKS,Seg15,0,0
R57-GKS,Seg16,0,0
R57-GKS,Seg17,0,0
R57-GKS,Seg18,0,0
R57-GKS,Seg19,0,0
R57-GKS,Seg20,0,0
R57-GKS,Seg21,0,0
V34-KKP,Seg1,10,0
V34-KKP,Seg2,10,0
V34-KKP,Seg3,10,0
V34-KKP,Seg4,10,0
V34-KKP,Seg5,10,0
V34-KKP,Seg6,10,0
V34-KKP,Seg7,10,0
V34-KKP,Seg8,10,0
V34-KKP,Seg9,10,0
V34-KKP,Seg10,10,0
V34-KKP,Seg11,10,0
V34-KKP,Seg12,10,0
V34-KKP,Seg13,10,0
V34-KKP,Seg14,10,0
V34-KKP,Seg15,10,0
V34-KKP,Seg16,10,0
V34-KKP,Seg17,10,0
V34-KKP,Seg18,10,0
V34-KKP,Seg19,10,0
V34-KKP,Seg20,10,0
V34-KKP,Seg21,10,0
Z37-BHC,Seg1,5,0
Z37-BHC,Seg2,5,0
Z37-BHC,Seg3,5,0
Z37-BHC,Seg4,5,1
Z37-BHC,Seg5,5,0
Z37-BHC,Seg6,5,0
Z37-BHC,Seg7,5,0
Z37-BHC,Seg8,5,0
Z37-BHC,Seg9,5,0
Z37-BHC,Seg10,5,1
Z37-BHC,Seg11,5,0
Z37-BHC,Seg12,5,0
Z37-BHC,Seg13,5,0
Z37-BHC,Seg14,5,0
Z37-BHC,Seg15,5,1
Z37-BHC,Seg16,5,0
Z37-BHC,Seg17,5,0
Z37-BHC,Seg18,5,0
Z37-BHC,Seg19,5,0
Z37-BHC,Seg20,5,1
Z37-BHC,Seg21,5,0
W08-NKM,Seg1,0,0
W08-NKM,Seg2,0,1
W08-NKM,Seg3,0,0
W08-NKM,Seg4,0,0
W08-NKM,Seg5,0,0
W08-NKM,Seg6,0,0
W08-NKM,Seg7,0,0
W08-NKM,Seg8,0,0
W08-NKM,Seg9,0,0
W08-NKM,Seg10,0,0
W08-NKM,Seg11,0,0
W08-NKM,Seg12,0,0
W08-NKM,Seg13,0,0
W08-NKM,Seg14,0,0
W08-NKM,Seg15,0,0
W08-NKM,Seg16,0,0
W08-NKM,Seg17,0,0
W08-NKM,Seg18,0,0
W08-NKM,Seg19,0,0
W08-NKM,Seg20,0,1
W08-NKM,Seg21,0,0
W55-ZZC,Seg1,10,0
W55-ZZC,Seg2,10,0
W55-ZZC,Seg3,10,0
W55-ZZC,Seg4,10,0
W55-ZZC,Seg5,10,0
W55-ZZC,Seg6,10,0
W55-ZZC,Seg7,10,0
W55-ZZC,Seg8,10,0
W55-ZZC,Seg9,10,0
W55-ZZC,Seg10,10,0
W55-ZZC,Seg11,10,0
W55-ZZC,Seg12,10,0
W55-ZZC,Seg13,10,0
W55-ZZC,Seg14,10,0
W55-ZZC,Seg15,10,0
W55-ZZC,Seg16,10,0
W55-ZZC,Seg17,10,0
W55-ZZC,Seg18,10,0
W55-ZZC,Seg19,10,0
W55-ZZC,Seg20,10,0
W55-ZZC,Seg21,10,0
V53-KCF,Seg1,7,0
V53-KCF,Seg2,7,0
V53-KCF,Seg3,7,0
V53-KCF,Seg4,7,0
V53-KCF,Seg5,7,0
V53-KCF,Seg6,7,0
V53-KCF,Seg7,7,0
V53-KCF,Seg8,7,0
V53-KCF,Seg9,7,0
V53-KCF,Seg10,7,0
V53-KCF,Seg11,7,1
V53-KCF,Seg12,7,0
V53-KCF,Seg13,7,0
V53-KCF,Seg14,7,0
V53-KCF,Seg15,7,0
V53-KCF,Seg16,7,1
V53-KCF,Seg17,7,0
V53-KCF,Seg18,7,0
V53-KCF,Seg19,7,0
V53-KCF,Seg20,7,0
V53-KCF,Seg21,7,0
D64-PRG,Seg1,0,0
D64-PRG,Seg2,0,0
D64-PRG,Seg3,0,0
D64-PRG,Seg4,0,0
D64-PRG,Seg5,0,0
D64-PRG,Seg6,0,0
D64-PRG,Seg7,0,0
D64-PRG,Seg8,0,0
D64-PRG,Seg9,0,1
D64-PRG,Seg10,0,0
D64-PRG,Seg11,0,0
D64-PRG,Seg12,0,0
D64-PRG,Seg13,0,0
D64-PRG,Seg14,0,0
D64-PRG,Seg15,0,0
D64-PRG,Seg16,0,0
D64-PRG,Seg17,0,0
D64-PRG,Seg18,0,0
D64-PRG,Seg19,0,0
D64-PRG,Seg20,0,0
D64-PRG,Seg21,0,0
F27-NNC,Seg1,2,0
F27-NNC,Seg2,2,0
F27-NNC,Seg3,2,0
F27-NNC,Seg4,2,0
F27-NNC,Seg5,2,0
F27-NNC,Seg6,2,0
F27-NNC,Seg7,2,0
F27-NNC,Seg8,2,0
F27-NNC,Seg9,2,0
F27-NNC,Seg10,2,0
F27-NNC,Seg11,2,0
F27-NNC,Seg12,2,1
F27-NNC,Seg13,2,1
F27-NNC,Seg14,2,0
F27-NNC,Seg15,2,0
F27-NNC,Seg16,2,0
F27-NNC,Seg17,2,0
F27-NNC,Seg18,2,0
F27-NNC,Seg19,2,0
F27-NNC,Seg20,2,0
F27-NNC,Seg21,2,0
W58-CZV,Seg1,5,0
W58-CZV,Seg2,5,0
W58-CZV,Seg3,5,0
W58-CZV,Seg4,5,0
W58-CZV,Seg5,5,0
W58-CZV,Seg6,5,0
W58-CZV,Seg7,5,0
W58-CZV,Seg8,5,0
W58-CZV,Seg9,5,0
W58-CZV,Seg10,5,0
W58-CZV,Seg11,5,0
W58-CZV,Seg12,5,0
W58-CZV,Seg13,5,0
W58-CZV,Seg14,5,0
W58-CZV,Seg15,5,0
W58-CZV,Seg16,5,0
W58-CZV,Seg17,5,0
W58-CZV,Seg18,5,0
W58-CZV,Seg19,5,0
W58-CZV,Seg20,5,0
W58-CZV,Seg21,5,0
H80-NMB,Seg1,0,0
H80-NMB,Seg2,0,0
H80-NMB,Seg3,0,0
H80-NMB,Seg4,0,0
H80-NMB,Seg5,0,0
H80-NMB,Seg6,0,0
H80-NMB,Seg7,0,0
H80-NMB,Seg8,0,0
H80-NMB,Seg9,0,0
H80-NMB,Seg10,0,0
H80-NMB,Seg11,0,0
H80-NMB,Seg12,0,1
H80-NMB,Seg13,0,0
H80-NMB,Seg14,0,0
H80-NMB,Seg15,0,0
H80-NMB,Seg16,0,0
H80-NMB,Seg17,0,0
H80-NMB,Seg18,0,0
H80-NMB,Seg19,0,0
H80-NMB,Seg20,0,0
H80-NMB,Seg21,0,0
Y24-BDC,Seg1,3,0
Y24-BDC,Seg2,3,0
Y24-BDC,Seg3,3,0
Y24-BDC,Seg4,3,0
Y24-BDC,Seg5,3,0
Y24-BDC,Seg6,3,0
Y24-BDC,Seg7,3,0
Y24-BDC,Seg8,3,0
Y24-BDC,Seg9,3,0
Y24-BDC,Seg10,3,0
Y24-BDC,Seg11,3,0
Y24-BDC,Seg12,3,0
Y24-BDC,Seg13,3,0
Y24-BDC,Seg14,3,0
Y24-BDC,Seg15,3,0
Y24-BDC,Seg16,3,0
Y24-BDC,Seg17,3,0
Y24-BDC,Seg18,3,0
Y24-BDC,Seg19,3,0
Y24-BDC,Seg20,3,0
Y24-BDC,Seg21,3,1
N07-ZPC,Seg1,10,0
N07-ZPC,Seg2,10,0
N07-ZPC,Seg3,10,1
N07-ZPC,Seg4,10,1
N07-ZPC,Seg5,10,0
N07-ZPC,Seg6,10,0
N07-ZPC,Seg7,10,0
N07-ZPC,Seg8,10,0
N07-ZPC,Seg9,10,0
N07-ZPC,Seg10,10,1
N07-ZPC,Seg11,10,0
N07-ZPC,Seg12,10,0
N07-ZPC,Seg13,10,0
N07-ZPC,Seg14,10,0
N07-ZPC,Seg15,10,1
N07-ZPC,Seg16,10,0
N07-ZPC,Seg17,10,0
N07-ZPC,Seg18,10,0
N07-ZPC,Seg19,10,0
N07-ZPC,Seg20,10,0
N07-ZPC,Seg21,10,0
V42-VSR,Seg1,0,0
V42-VSR,Seg2,0,0
V42-VSR,Seg3,0,0
V42-VSR,Seg4,0,0
V42-VSR,Seg5,0,0
V42-VSR,Seg6,0,1
V42-VSR,Seg7,0,0
V42-VSR,Seg8,0,0
V42-VSR,Seg9,0,0
V42-VSR,Seg10,0,0
V42-VSR,Seg11,0,0
V42-VSR,Seg12,0,0
V42-VSR,Seg13,0,0
V42-VSR,Seg14,0,0
V42-VSR,Seg15,0,0
V42-VSR,Seg16,0,0
V42-VSR,Seg17,0,0
V42-VSR,Seg18,0,0
V42-VSR,Seg19,0,0
V42-VSR,Seg20,0,0
V42-VSR,Seg21,0,0
K63-WDF,Seg1,0,0
K63-WDF,Seg2,0,0
K63-WDF,Seg3,0,0
K63-WDF,Seg4,0,0
K63-WDF,Seg5,0,0
K63-WDF,Seg6,0,0
K63-WDF,Seg7,0,0
K63-WDF,Seg8,0,0
K63-WDF,Seg9,0,0
K63-WDF,Seg10,0,0
K63-WDF,Seg11,0,0
K63-WDF,Seg12,0,0
K63-WDF,Seg13,0,0
K63-WDF,Seg14,0,0
K63-WDF,Seg15,0,0
K63-WDF,Seg16,0,0
K63-WDF,Seg17,0,0
K63-WDF,Seg18,0,0
K63-WDF,Seg19,0,0
K63-WDF,Seg20,0,0
K63-WDF,Seg21,0,0
F27-ZXV,Seg1,3,0
F27-ZXV,Seg2,3,0
F27-ZXV,Seg3,3,0
F27-ZXV,Seg4,3,0
F27-ZXV,Seg5,3,0
F27-ZXV,Seg6,3,0
F27-ZXV,Seg7,3,0
F27-ZXV,Seg8,3,0
F27-ZXV,Seg9,3,0
F27-ZXV,Seg10,3,0
F27-ZXV,Seg11,3,0
F27-ZXV,Seg12,3,0
F27-ZXV,Seg13,3,0
F27-ZXV,Seg14,3,0
F27-ZXV,Seg15,3,1
F27-ZXV,Seg16,3,0
F27-ZXV,Seg17,3,0
F27-ZXV,Seg18,3,0
F27-ZXV,Seg19,3,0
F27-ZXV,Seg20,3,0
F27-ZXV,Seg21,3,0
C35-PXR,Seg1,0,0
C35-PXR,Seg2,0,0
C35-PXR,Seg3,0,0
C35-PXR,Seg4,0,0
C35-PXR,Seg5,0,0
C35-PXR,Seg6,0,0
C35-PXR,Seg7,0,0
C35-PXR,Seg8,0,0
C35-PXR,Seg9,0,0
C35-PXR,Seg10,0,0
C35-PXR,Seg11,0,0
C35-PXR,Seg12,0,0
C35-PXR,Seg13,0,0
C35-PXR,Seg14,0,1
C35-PXR,Seg15,0,0
C35-PXR,Seg16,0,0
C35-PXR,Seg17,0,0
C35-PXR,Seg18,0,0
C35-PXR,Seg19,0,0
C35-PXR,Seg20,0,0
C35-PXR,Seg21,0,0
X09-YPN,Seg1,3,0
X09-YPN,Seg2,3,0
X09-YPN,Seg3,3,0
X09-YPN,Seg4,3,0
X09-YPN,Seg5,3,0
X09-YPN,Seg6,3,0
X09-YPN,Seg7,3,0
X09-YPN,Seg8,3,0
X09-YPN,Seg9,3,0
X09-YPN,Seg10,3,0
X09-YPN,Seg11,3,0
X09-YPN,Seg12,3,0
X09-YPN,Seg13,3,1
X09-YPN,Seg14,3,0
X09-YPN,Seg15,3,0
X09-YPN,Seg16,3,0
X09-YPN,Seg17,3,0
X09-YPN,Seg18,3,0
X09-YPN,Seg19,3,0
X09-YPN,Seg20,3,0
X09-YPN,Seg21,3,0
M38-KRT,Seg1,4,0
M38-KRT,Seg2,4,0
M38-KRT,Seg3,4,0
M38-KRT,Seg4,4,0
M38-KRT,Seg5,4,1
M38-KRT,Seg6,4,0
M38-KRT,Seg7,4,0
M38-KRT,Seg8,4,0
M38-KRT,Seg9,4,1
M38-KRT,Seg10,4,0
M38-KRT,Seg11,4,0
M38-KRT,Seg12,4,0
M38-KRT,Seg13,4,0
M38-KRT,Seg14,4,0
M38-KRT,Seg15,4,0
M38-KRT,Seg16,4,0
M38-KRT,Seg17,4,0
M38-KRT,Seg18,4,0
M38-KRT,Seg19,4,0
M38-KRT,Seg20,4,0
M38-KRT,Seg21,4,0
K94-MVV,Seg1,5,0
K94-MVV,Seg2,5,0
K94-MVV,Seg3,5,0
K94-MVV,Seg4,5,0
K94-MVV,Seg5,5,1
K94-MVV,Seg6,5,0
K94-MVV,Seg7,5,0
K94-MVV,Seg8,5,0
K94-MVV,Seg9,5,1
K94-MVV,Seg10,5,0
K94-MVV,Seg11,5,1
K94-MVV,Seg12,5,0
K94-MVV,Seg13,5,0
K94-MVV,Seg14,5,0
K94-MVV,Seg15,5,0
K94-MVV,Seg16,5,0
K94-MVV,Seg17,5,0
K94-MVV,Seg18,5,0
K94-MVV,Seg19,5,1
K94-MVV,Seg20,5,0
K94-MVV,Seg21,5,0
X67-RTK,Seg1,6,0
X67-RTK,Seg2,6,0
X67-RTK,Seg3,6,0
X67-RTK,Seg4,6,0
X67-RTK,Seg5,6,0
X67-RTK,Seg6,6,0
X67-RTK,Seg7,6,0
X67-RTK,Seg8,6,0
X67-RTK,Seg9,6,1
X67-RTK,Seg10,6,0
X67-RTK,Seg11,6,0
X67-RTK,Seg12,6,0
X67-RTK,Seg13,6,1
X67-RTK,Seg14,6,0
X67-RTK,Seg15,6,0
X67-RTK,Seg16,6,0
X67-RTK,Seg17,6,0
X67-RTK,Seg18,6,1
X67-RTK,Seg19,6,0
X67-RTK,Seg20,6,0
X67-RTK,Seg21,6,0
S85-BTB,Seg1,1,0
S85-BTB,Seg2,1,0
S85-BTB,Seg3,1,0
S85-BTB,Seg4,1,0
S85-BTB,Seg5,1,1
S85-BTB,Seg6,1,0
S85-BTB,Seg7,1,1
S85-BTB,Seg8,1,0
S85-BTB,Seg9,1,0
S85-BTB,Seg10,1,0
S85-BTB,Seg11,1,0
S85-BTB,Seg12,1,0
S85-BTB,Seg13,1,0
S85-BTB,Seg14,1,0
S85-BTB,Seg15,1,0
S85-BTB,Seg16,1,0
S85-BTB,Seg17,1,0
S85-BTB,Seg18,1,0
S85-BTB,Seg19,1,0
S85-BTB,Seg20,1,0
S85-BTB,Seg21,1,0
W25-NRZ,Seg1,10,0
W25-NRZ,Seg2,10,0
W25-NRZ,Seg3,10,0
W25-NRZ,Seg4,10,0
W25-NRZ,Seg5,10,0
W25-NRZ,Seg6,10,0
W25-NRZ,Seg7,10,0
W25-NRZ,Seg8,10,0
W25-NRZ,Seg9,10,0
W25-NRZ,Seg10,10,0
W25-NRZ,Seg11,10,0
W25-NRZ,Seg12,10,0
W25-NRZ,Seg13,10,1
W25-NRZ,Seg14,10,0
W25-NRZ,Seg15,10,0
W25-NRZ,Seg16,10,0
W25-NRZ,Seg17,10,0
W25-NRZ,Seg18,10,0
W25-NRZ,Seg19,10,0
W25-NRZ,Seg20,10,0
W25-NRZ,Seg21,10,0
X05-DVR,Seg1,7,0
X05-DVR,Seg2,7,0
X05-DVR,Seg3,7,0
X05-DVR,Seg4,7,1
X05-DVR,Seg5,7,0
X05-DVR,Seg6,7,0
X05-DVR,Seg7,7,0
X05-DVR,Seg8,7,0
X05-DVR,Seg9,7,0
X05-DVR,Seg10,7,0
X05-DVR,Seg11,7,0
X05-DVR,Seg12,7,0
X05-DVR,Seg13,7,0
X05-DVR,Seg14,7,0
X05-DVR,Seg15,7,1
X05-DVR,Seg16,7,0
X05-DVR,Seg17,7,0
X05-DVR,Seg18,7,0
X05-DVR,Seg19,7,0
X05-DVR,Seg20,7,0
X05-DVR,Seg21,7,0
S51-TYS,Seg1,0,0
S51-TYS,Seg2,0,0
S51-TYS,Seg3,0,0
S51-TYS,Seg4,0,0
S51-TYS,Seg5,0,0
S51-TYS,Seg6,0,0
S51-TYS,Seg7,0,0
S51-TYS,Seg8,0,0
S51-TYS,Seg9,0,0
S51-TYS,Seg10,0,0
S51-TYS,Seg11,0,0
S51-TYS,Seg12,0,0
S51-TYS,Seg13,0,0
S51-TYS,Seg14,0,0
S51-TYS,Seg15,0,0
S51-TYS,Seg16,0,0
S51-TYS,Seg17,0,0
S51-TYS,Seg18,0,1
S51-TYS,Seg19,0,0
S51-TYS,Seg20,0,0
S51-TYS,Seg21,0,0
B51-RDZ,Seg1,5,0
B51-RDZ,Seg2,5,0
B51-RDZ,Seg3,5,0
B51-RDZ,Seg4,5,0
B51-RDZ,Seg5,5,0
B51-RDZ,Seg6,5,0
B51-RDZ,Seg7,5,0
B51-RDZ,Seg8,5,0
B51-RDZ,Seg9,5,0
B51-RDZ,Seg10,5,0
B51-RDZ,Seg11,5,0
B51-RDZ,Seg12,5,0
B51-RDZ,Seg13,5,1
B51-RDZ,Seg14,5,0
B51-RDZ,Seg15,5,0
B51-RDZ,Seg16,5,0
B51-RDZ,Seg17,5,0
B51-RDZ,Seg18,5,0
B51-RDZ,Seg19,5,0
B51-RDZ,Seg20,5,1
B51-RDZ,Seg21,5,0
K80-MHN,Seg1,7,0
K80-MHN,Seg2,7,0
K80-MHN,Seg3,7,0
K80-MHN,Seg4,7,0
K80-MHN,Seg5,7,0
K80-MHN,Seg6,7,0
K80-MHN,Seg7,7,0
K80-MHN,Seg8,7,0
K80-MHN,Seg9,7,0
K80-MHN,Seg10,7,0
K80-MHN,Seg11,7,0
K80-MHN,Seg12,7,0
K80-MHN,Seg13,7,0
K80-MHN,Seg14,7,0
K80-MHN,Seg15,7,0
K80-MHN,Seg16,7,0
K80-MHN,Seg17,7,0
K80-MHN,Seg18,7,0
K80-MHN,Seg19,7,0
K80-MHN,Seg20,7,0
K80-MHN,Seg21,7,0
K56-ZGH,Seg1,5,0
K56-ZGH,Seg2,5,0
K56-ZGH,Seg3,5,0
K56-ZGH,Seg4,5,0
K56-ZGH,Seg5,5,0
K56-ZGH,Seg6,5,0
K56-ZGH,Seg7,5,0
K56-ZGH,Seg8,5,0
K56-ZGH,Seg9,5,0
K56-ZGH,Seg10,5,0
K56-ZGH,Seg11,5,0
K56-ZGH,Seg12,5,0
K56-ZGH,Seg13,5,0
K56-ZGH,Seg14,5,0
K56-ZGH,Seg15,5,0
K56-ZGH,Seg16,5,0
K56-ZGH,Seg17,5,0
K56-ZGH,Seg18,5,0
K56-ZGH,Seg19,5,0
K56-ZGH,Seg20,5,0
K56-ZGH,Seg21,5,0
X51-VHH,Seg1,0,0
X51-VHH,Seg2,0,0
X51-VHH,Seg3,0,0
X51-VHH,Seg4,0,1
X51-VHH,Seg5,0,0
X51-VHH,Seg6,0,0
X51-VHH,Seg7,0,0
X51-VHH,Seg8,0,0
X51-VHH,Seg9,0,1
X51-VHH,Seg10,0,0
X51-VHH,Seg11,0,0
X51-VHH,Seg12,0,1
X51-VHH,Seg13,0,0
X51-VHH,Seg14,0,0
X51-VHH,Seg15,0,0
X51-VHH,Seg16,0,1
X51-VHH,Seg17,0,0
X51-VHH,Seg18,0,0
X51-VHH,Seg19,0,0
X51-VHH,Seg20,0,0
X51-VHH,Seg21,0,0
F55-BPM,Seg1,6,0
F55-BPM,Seg2,6,0
F55-BPM,Seg3,6,0
F55-BPM,Seg4,6,0
F55-BPM,Seg5,6,0
F55-BPM,Seg6,6,0
F55-BPM,Seg7,6,0
F55-BPM,Seg8,6,0
F55-BPM,Seg9,6,0
F55-BPM,Seg10,6,0
F55-BPM,Seg11,6,0
F55-BPM,Seg12,6,0
F55-BPM,Seg13,6,0
F55-BPM,Seg14,6,0
F55-BPM,Seg15,6,0
F55-BPM,Seg16,6,0
F55-BPM,Seg17,6,0
F55-BPM,Seg18,6,0
F55-BPM,Seg19,6,0
F55-BPM,Seg20,6,0
F55-BPM,Seg21,6,0
P56-ZMC,Seg1,0,0
P56-ZMC,Seg2,0,0
P56-ZMC,Seg3,0,0
P56-ZMC,Seg4,0,0
P56-ZMC,Seg5,0,0
P56-ZMC,Seg6,0,0
P56-ZMC,Seg7,0,0
P56-ZMC,Seg8,0,0
P56-ZMC,Seg9,0,0
P56-ZMC,Seg10,0,0
P56-ZMC,Seg11,0,0
P56-ZMC,Seg12,0,0
P56-ZMC,Seg13,0,0
P56-ZMC,Seg14,0,0
P56-ZMC,Seg15,0,0
P56-ZMC,Seg16,0,0
P56-ZMC,Seg17,0,0
P56-ZMC,Seg18,0,0
P56-ZMC,Seg19,0,0
P56-ZMC,Seg20,0,0
P56-ZMC,Seg21,0,0
R09-WTM,Seg1,0,0
R09-WTM,Seg2,0,0
R09-WTM,Seg3,0,0
R09-WTM,Seg4,0,0
R09-WTM,Seg5,0,0
R09-WTM,Seg6,0,0
R09-WTM,Seg7,0,0
R09-WTM,Seg8,0,0
R09-WTM,Seg9,0,0
R09-WTM,Seg10,0,0
R09-WTM,Seg11,0,0
R09-WTM,Seg12,0,0
R09-WTM,Seg13,0,0
R09-WTM,Seg14,0,0
R09-WTM,Seg15,0,0
R09-WTM,Seg16,0,0
R09-WTM,Seg17,0,0
R09-WTM,Seg18,0,0
R09-WTM,Seg19,0,0
R09-WTM,Seg20,0,0
R09-WTM,Seg21,0,0
M68-TBY,Seg1,5,0
M68-TBY,Seg2,5,0
M68-TBY,Seg3,5,0
M68-TBY,Seg4,5,0
M68-TBY,Seg5,5,0
M68-TBY,Seg6,5,0
M68-TBY,Seg7,5,0
M68-TBY,Seg8,5,0
M68-TBY,Seg9,5,0
M68-TBY,Seg10,5,0
M68-TBY,Seg11,5,0
M68-TBY,Seg12,5,0
M68-TBY,Seg13,5,0
M68-TBY,Seg14,5,0
M68-TBY,Seg15,5,0
M68-TBY,Seg16,5,0
M68-TBY,Seg17,5,0
M68-TBY,Seg18,5,0
M68-TBY,Seg19,5,0
M68-TBY,Seg20,5,0
M68-TBY,Seg21,5,0
D96-PKT,Seg1,3,0
D96-PKT,Seg2,3,0
D96-PKT,Seg3,3,0
D96-PKT,Seg4,3,0
D96-PKT,Seg5,3,0
D96-PKT,Seg6,3,0
D96-PKT,Seg7,3,0
D96-PKT,Seg8,3,0
D96-PKT,Seg9,3,0
D96-PKT,Seg10,3,0
D96-PKT,Seg11,3,0
D96-PKT,Seg12,3,0
D96-PKT,Seg13,3,0
D96-PKT,Seg14,3,0
D96-PKT,Seg15,3,0
D96-PKT,Seg16,3,0
D96-PKT,Seg17,3,0
D96-PKT,Seg18,3,0
D96-PKT,Seg19,3,0
D96-PKT,Seg20,3,0
D96-PKT,Seg21,3,0
B62-GZH,Seg1,7,0
B62-GZH,Seg2,7,0
B62-GZH,Seg3,7,0
B62-GZH,Seg4,7,0
B62-GZH,Seg5,7,0
B62-GZH,Seg6,7,0
B62-GZH,Seg7,7,0
B62-GZH,Seg8,7,0
B62-GZH,Seg9,7,0
B62-GZH,Seg10,7,0
B62-GZH,Seg11,7,0
B62-GZH,Seg12,7,0
B62-GZH,Seg13,7,0
B62-GZH,Seg14,7,0
B62-GZH,Seg15,7,0
B62-GZH,Seg16,7,0
B62-GZH,Seg17,7,0
B62-GZH,Seg18,7,0
B62-GZH,Seg19,7,0
B62-GZH,Seg20,7,1
B62-GZH,Seg21,7,0
S17-FBN,Seg1,0,0
S17-FBN,Seg2,0,0
S17-FBN,Seg3,0,0
S17-FBN,Seg4,0,0
S17-FBN,Seg5,0,0
S17-FBN,Seg6,0,0
S17-FBN,Seg7,0,0
S17-FBN,Seg8,0,0
S17-FBN,Seg9,0,0
S17-FBN,Seg10,0,0
S17-FBN,Seg11,0,0
S17-FBN,Seg12,0,0
S17-FBN,Seg13,0,0
S17-FBN,Seg14,0,0
S17-FBN,Seg15,0,0
S17-FBN,Seg16,0,1
S17-FBN,Seg17,0,0
S17-FBN,Seg18,0,0
S17-FBN,Seg19,0,0
S17-FBN,Seg20,0,0
S17-FBN,Seg21,0,0
N87-YMG,Seg1,0,0
N87-YMG,Seg2,0,0
N87-YMG,Seg3,0,0
N87-YMG,Seg4,0,0
N87-YMG,Seg5,0,0
N87-YMG,Seg6,0,0
N87-YMG,Seg7,0,0
N87-YMG,Seg8,0,0
N87-YMG,Seg9,0,0
N87-YMG,Seg10,0,0
N87-YMG,Seg11,0,0
N87-YMG,Seg12,0,0
N87-YMG,Seg13,0,0
N87-YMG,Seg14,0,0
N87-YMG,Seg15,0,0
N87-YMG,Seg16,0,0
N87-YMG,Seg17,0,0
N87-YMG,Seg18,0,0
N87-YMG,Seg19,0,0
N87-YMG,Seg20,0,0
N87-YMG,Seg21,0,0
K07-PFP,Seg1,2,0
K07-PFP,Seg2,2,0
K07-PFP,Seg3,2,0
K07-PFP,Seg4,2,0
K07-PFP,Seg5,2,0
K07-PFP,Seg6,2,0
K07-PFP,Seg7,2,0
K07-PFP,Seg8,2,0
K07-PFP,Seg9,2,0
K07-PFP,Seg10,2,0
K07-PFP,Seg11,2,0
K07-PFP,Seg12,2,0
K07-PFP,Seg13,2,0
K07-PFP,Seg14,2,0
K07-PFP,Seg15,2,0
K07-PFP,Seg16,2,0
K07-PFP,Seg17,2,0
K07-PFP,Seg18,2,0
K07-PFP,Seg19,2,0
K07-PFP,Seg20,2,0
K07-PFP,Seg21,2,0
S48-PNB,Seg1,3,0
S48-PNB,Seg2,3,0
S48-PNB,Seg3,3,0
S48-PNB,Seg4,3,0
S48-PNB,Seg5,3,0
S48-PNB,Seg6,3,0
S48-PNB,Seg7,3,0
S48-PNB,Seg8,3,0
S48-PNB,Seg9,3,1
S48-PNB,Seg10,3,0
S48-PNB,Seg11,3,0
S48-PNB,Seg12,3,0
S48-PNB,Seg13,3,0
S48-PNB,Seg14,3,0
S48-PNB,Seg15,3,0
S48-PNB,Seg16,3,1
S48-PNB,Seg17,3,0
S48-PNB,Seg18,3,0
S48-PNB,Seg19,3,0
S48-PNB,Seg20,3,0
S48-PNB,Seg21,3,0
M89-VGW,Seg1,0,0
M89-VGW,Seg2,0,0
M89-VGW,Seg3,0,0
M89-VGW,Seg4,0,0
M89-VGW,Seg5,0,0
M89-VGW,Seg6,0,0
M89-VGW,Seg7,0,0
M89-VGW,Seg8,0,0
M89-VGW,Seg9,0,0
M89-VGW,Seg10,0,0
M89-VGW,Seg11,0,0
M89-VGW,Seg12,0,1
M89-VGW,Seg13,0,0
M89-VGW,Seg14,0,0
M89-VGW,Seg15,0,0
M89-VGW,Seg16,0,0
M89-VGW,Seg17,0,0
M89-VGW,Seg18,0,0
M89-VGW,Seg19,0,0
M89-VGW,Seg20,0,0
M89-VGW,Seg21,0,0
X17-PXT,Seg1,0,0
X17-PXT,Seg2,0,0
X17-PXT,Seg3,0,0
X17-PXT,Seg4,0,0
X17-PXT,Seg5,0,0
X17-PXT,Seg6,0,0
X17-PXT,Seg7,0,0
X17-PXT,Seg8,0,0
X17-PXT,Seg9,0,1
X17-PXT,Seg10,0,0
X17-PXT,Seg11,0,0
X17-PXT,Seg12,0,0
X17-PXT,Seg13,0,0
X17-PXT,Seg14,0,1
X17-PXT,Seg15,0,1
X17-PXT,Seg16,0,0
X17-PXT,Seg17,0,0
X17-PXT,Seg18,0,0
X17-PXT,Seg19,0,0
X17-PXT,Seg20,0,0
X17-PXT,Seg21,0,0
C22-DRW,Seg1,10,0
C22-DRW,Seg2,10,0
C22-DRW,Seg3,10,0
C22-DRW,Seg4,10,1
C22-DRW,Seg5,10,0
C22-DRW,Seg6,10,0
C22-DRW,Seg7,10,0
C22-DRW,Seg8,10,0
C22-DRW,Seg9,10,1
C22-DRW,Seg10,10,1
C22-DRW,Seg11,10,0
C22-DRW,Seg12,10,0
C22-DRW,Seg13,10,0
C22-DRW,Seg14,10,0
C22-DRW,Seg15,10,1
C22-DRW,Seg16,10,0
C22-DRW,Seg17,10,0
C22-DRW,Seg18,10,0
C22-DRW,Seg19,10,0
C22-DRW,Seg20,10,0
C22-DRW,Seg21,10,0
R30-MTT,Seg1,10,0
R30-MTT,Seg2,10,0
R30-MTT,Seg3,10,0
R30-MTT,Seg4,10,0
R30-MTT,Seg5,10,0
R30-MTT,Seg6,10,0
R30-MTT,Seg7,10,0
R30-MTT,Seg8,10,0
R30-MTT,Seg9,10,0
R30-MTT,Seg10,10,0
R30-MTT,Seg11,10,0
R30-MTT,Seg12,10,0
R30-MTT,Seg13,10,0
R30-MTT,Seg14,10,0
R30-MTT,Seg15,10,0
R30-MTT,Seg16,10,1
R30-MTT,Seg17,10,0
R30-MTT,Seg18,10,0
R30-MTT,Seg19,10,0
R30-MTT,Seg20,10,0
R30-MTT,Seg21,10,0
G63-SFW,Seg1,10,0
G63-SFW,Seg2,10,0
G63-SFW,Seg3,10,0
G63-SFW,Seg4,10,0
G63-SFW,Seg5,10,0
G63-SFW,Seg6,10,0
G63-SFW,Seg7,10,0
G63-SFW,Seg8,10,0
G63-SFW,Seg9,10,0
G63-SFW,Seg10,10,0
G63-SFW,Seg11,10,0
G63-SFW,Seg12,10,0
G63-SFW,Seg13,10,0
G63-SFW,Seg14,10,0
G63-SFW,Seg15,10,0
G63-SFW,Seg16,10,0
G63-SFW,Seg17,10,0
G63-SFW,Seg18,10,0
G63-SFW,Seg19,10,0
G63-SFW,Seg20,10,0
G63-SFW,Seg21,10,0
V39-YXG,Seg1,3,0
V39-YXG,Seg2,3,0
V39-YXG,Seg3,3,0
V39-YXG,Seg4,3,0
V39-YXG,Seg5,3,0
V39-YXG,Seg6,3,0
V39-YXG,Seg7,3,0
V39-YXG,Seg8,3,0
V39-YXG,Seg9,3,0
V39-YXG,Seg10,3,0
V39-YXG,Seg11,3,0
V39-YXG,Seg12,3,0
V39-YXG,Seg13,3,0
V39-YXG,Seg14,3,0
V39-YXG,Seg15,3,0
V39-YXG,Seg16,3,0
V39-YXG,Seg17,3,0
V39-YXG,Seg18,3,0
V39-YXG,Seg19,3,0
V39-YXG,Seg20,3,0
V39-YXG,Seg21,3,0
Z18-KNH,Seg1,2,0
Z18-KNH,Seg2,2,0
Z18-KNH,Seg3,2,0
Z18-KNH,Seg4,2,0
Z18-KNH,Seg5,2,0
Z18-KNH,Seg6,2,0
Z18-KNH,Seg7,2,0
Z18-KNH,Seg8,2,0
Z18-KNH,Seg9,2,0
Z18-KNH,Seg10,2,0
Z18-KNH,Seg11,2,0
Z18-KNH,Seg12,2,0
Z18-KNH,Seg13,2,0
Z18-KNH,Seg14,2,0
Z18-KNH,Seg15,2,0
Z18-KNH,Seg16,2,0
Z18-KNH,Seg17,2,0
Z18-KNH,Seg18,2,0
Z18-KNH,Seg19,2,0
Z18-KNH,Seg20,2,0
Z18-KNH,Seg21,2,0
W67-FTC,Seg1,10,0
W67-FTC,Seg2,10,0
W67-FTC,Seg3,10,0
W67-FTC,Seg4,10,0
W67-FTC,Seg5,10,0
W67-FTC,Seg6,10,0
W67-FTC,Seg7,10,0
W67-FTC,Seg8,10,0
W67-FTC,Seg9,10,0
W67-FTC,Seg10,10,0
W67-FTC,Seg11,10,0
W67-FTC,Seg12,10,0
W67-FTC,Seg13,10,0
W67-FTC,Seg14,10,0
W67-FTC,Seg15,10,1
W67-FTC,Seg16,10,0
W67-FTC,Seg17,10,0
W67-FTC,Seg18,10,0
W67-FTC,Seg19,10,0
W67-FTC,Seg20,10,0
W67-FTC,Seg21,10,0
X38-YRK,Seg1,10,0
X38-YRK,Seg2,10,0
X38-YRK,Seg3,10,0
X38-YRK,Seg4,10,0
X38-YRK,Seg5,10,0
X38-YRK,Seg6,10,0
X38-YRK,Seg7,10,0
X38-YRK,Seg8,10,0
X38-YRK,Seg9,10,0
X38-YRK,Seg10,10,0
X38-YRK,Seg11,10,0
X38-YRK,Seg12,10,0
X38-YRK,Seg13,10,0
X38-YRK,Seg14,10,0
X38-YRK,Seg15,10,0
X38-YRK,Seg16,10,0
X38-YRK,Seg17,10,0
X38-YRK,Seg18,10,0
X38-YRK,Seg19,10,1
X38-YRK,Seg20,10,0
X38-YRK,Seg21,10,0
C05-WPP,Seg1,10,0
C05-WPP,Seg2,10,0
C05-WPP,Seg3,10,0
C05-WPP,Seg4,10,0
C05-WPP,Seg5,10,0
C05-WPP,Seg6,10,0
C05-WPP,Seg7,10,0
C05-WPP,Seg8,10,0
C05-WPP,Seg9,10,0
C05-WPP,Seg10,10,0
C05-WPP,Seg11,10,0
C05-WPP,Seg12,10,1
C05-WPP,Seg13,10,1
C05-WPP,Seg14,10,0
C05-WPP,Seg15,10,0
C05-WPP,Seg16,10,0
C05-WPP,Seg17,10,0
C05-WPP,Seg18,10,0
C05-WPP,Seg19,10,0
C05-WPP,Seg20,10,0
C05-WPP,Seg21,10,0
W54-SZS,Seg1,10,0
W54-SZS,Seg2,10,0
W54-SZS,Seg3,10,0
W54-SZS,Seg4,10,0
W54-SZS,Seg5,10,1
W54-SZS,Seg6,10,0
W54-SZS,Seg7,10,0
W54-SZS,Seg8,10,0
W54-SZS,Seg9,10,1
W54-SZS,Seg10,10,0
W54-SZS,Seg11,10,0
W54-SZS,Seg12,10,1
W54-SZS,Seg13,10,1
W54-SZS,Seg14,10,1
W54-SZS,Seg15,10,1
W54-SZS,Seg16,10,0
W54-SZS,Seg17,10,0
W54-SZS,Seg18,10,0
W54-SZS,Seg19,10,0
W54-SZS,Seg20,10,0
W54-SZS,Seg21,10,0
T78-YPP,Seg1,10,0
T78-YPP,Seg2,10,0
T78-YPP,Seg3,10,0
T78-YPP,Seg4,10,1
T78-YPP,Seg5,10,0
T78-YPP,Seg6,10,0
T78-YPP,Seg7,10,0
T78-YPP,Seg8,10,0
T78-YPP,Seg9,10,0
T78-YPP,Seg10,10,0
T78-YPP,Seg11,10,1
T78-YPP,Seg12,10,0
T78-YPP,Seg13,10,0
T78-YPP,Seg14,10,0
T78-YPP,Seg15,10,0
T78-YPP,Seg16,10,0
T78-YPP,Seg17,10,0
T78-YPP,Seg18,10,0
T78-YPP,Seg19,10,0
T78-YPP,Seg20,10,0
T78-YPP,Seg21,10,0
V50-DXN,Seg1,10,0
V50-DXN,Seg2,10,0
V50-DXN,Seg3,10,0
V50-DXN,Seg4,10,0
V50-DXN,Seg5,10,0
V50-DXN,Seg6,10,0
V50-DXN,Seg7,10,0
V50-DXN,Seg8,10,0
V50-DXN,Seg9,10,0
V50-DXN,Seg10,10,0
V50-DXN,Seg11,10,0
V50-DXN,Seg12,10,0
V50-DXN,Seg13,10,1
V50-DXN,Seg14,10,1
V50-DXN,Seg15,10,1
V50-DXN,Seg16,10,0
V50-DXN,Seg17,10,0
V50-DXN,Seg18,10,0
V50-DXN,Seg19,10,0
V50-DXN,Seg20,10,0
V50-DXN,Seg21,10,0
T44-WFC,Seg1,5,0
T44-WFC,Seg2,5,0
T44-WFC,Seg3,5,0
T44-WFC,Seg4,5,0
T44-WFC,Seg5,5,1
T44-WFC,Seg6,5,0
T44-WFC,Seg7,5,0
T44-WFC,Seg8,5,0
T44-WFC,Seg9,5,1
T44-WFC,Seg10,5,0
T44-WFC,Seg11,5,0
T44-WFC,Seg12,5,0
T44-WFC,Seg13,5,0
T44-WFC,Seg14,5,1
T44-WFC,Seg15,5,0
T44-WFC,Seg16,5,0
T44-WFC,Seg17,5,0
T44-WFC,Seg18,5,0
T44-WFC,Seg19,5,0
T44-WFC,Seg20,5,0
T44-WFC,Seg21,5,0
V83-KRG,Seg1,2,0
V83-KRG,Seg2,2,0
V83-KRG,Seg3,2,0
V83-KRG,Seg4,2,0
V83-KRG,Seg5,2,0
V83-KRG,Seg6,2,0
V83-KRG,Seg7,2,0
V83-KRG,Seg8,2,0
V83-KRG,Seg9,2,1
V83-KRG,Seg10,2,0
V83-KRG,Seg11,2,0
V83-KRG,Seg12,2,0
V83-KRG,Seg13,2,0
V83-KRG,Seg14,2,0
V83-KRG,Seg15,2,0
V83-KRG,Seg16,2,0
V83-KRG,Seg17,2,0
V83-KRG,Seg18,2,0
V83-KRG,Seg19,2,0
V83-KRG,Seg20,2,0
V83-KRG,Seg21,2,0
F52-BSB,Seg1,10,0
F52-BSB,Seg2,10,0
F52-BSB,Seg3,10,0
F52-BSB,Seg4,10,0
F52-BSB,Seg5,10,0
F52-BSB,Seg6,10,0
F52-BSB,Seg7,10,0
F52-BSB,Seg8,10,0
F52-BSB,Seg9,10,0
F52-BSB,Seg10,10,0
F52-BSB,Seg11,10,0
F52-BSB,Seg12,10,1
F52-BSB,Seg13,10,0
F52-BSB,Seg14,10,0
F52-BSB,Seg15,10,0
F52-BSB,Seg16,10,1
F52-BSB,Seg17,10,0
F52-BSB,Seg18,10,0
F52-BSB,Seg19,10,0
F52-BSB,Seg20,10,0
F52-BSB,Seg21,10,0
X84-WMB,Seg1,10,0
X84-WMB,Seg2,10,0
X84-WMB,Seg3,10,0
X84-WMB,Seg4,10,0
X84-WMB,Seg5,10,0
X84-WMB,Seg6,10,0
X84-WMB,Seg7,10,0
X84-WMB,Seg8,10,0
X84-WMB,Seg9,10,0
X84-WMB,Seg10,10,0
X84-WMB,Seg11,10,0
X84-WMB,Seg12,10,0
X84-WMB,Seg13,10,0
X84-WMB,Seg14,10,0
X84-WMB,Seg15,10,0
X84-WMB,Seg16,10,1
X84-WMB,Seg17,10,0
X84-WMB,Seg18,10,0
X84-WMB,Seg19,10,1
X84-WMB,Seg20,10,1
X84-WMB,Seg21,10,0
D24-HNK,Seg1,0,0
D24-HNK,Seg2,0,0
D24-HNK,Seg3,0,0
D24-HNK,Seg4,0,0
D24-HNK,Seg5,0,0
D24-HNK,Seg6,0,1
D24-HNK,Seg7,0,0
D24-HNK,Seg8,0,0
D24-HNK,Seg9,0,0
D24-HNK,Seg10,0,0
D24-HNK,Seg11,0,0
D24-HNK,Seg12,0,0
D24-HNK,Seg13,0,0
D24-HNK,Seg14,0,0
D24-HNK,Seg15,0,0
D24-HNK,Seg16,0,0
D24-HNK,Seg17,0,0
D24-HNK,Seg18,0,0
D24-HNK,Seg19,0,0
D24-HNK,Seg20,0,0
D24-HNK,Seg21,0,0
M56-XTK,Seg1,8,0
M56-XTK,Seg2,8,0
M56-XTK,Seg3,8,0
M56-XTK,Seg4,8,0
M56-XTK,Seg5,8,0
M56-XTK,Seg6,8,0
M56-XTK,Seg7,8,0
M56-XTK,Seg8,8,0
M56-XTK,Seg9,8,0
M56-XTK,Seg10,8,1
M56-XTK,Seg11,8,0
M56-XTK,Seg12,8,0
M56-XTK,Seg13,8,0
M56-XTK,Seg14,8,0
M56-XTK,Seg15,8,0
M56-XTK,Seg16,8,0
M56-XTK,Seg17,8,0
M56-XTK,Seg18,8,0
M56-XTK,Seg19,8,0
M56-XTK,Seg20,8,0
M56-XTK,Seg21,8,0
Y44-YHB,Seg1,0,0
Y44-YHB,Seg2,0,0
Y44-YHB,Seg3,0,0
Y44-YHB,Seg4,0,0
Y44-YHB,Seg5,0,0
Y44-YHB,Seg6,0,0
Y44-YHB,Seg7,0,0
Y44-YHB,Seg8,0,0
Y44-YHB,Seg9,0,0
Y44-YHB,Seg10,0,1
Y44-YHB,Seg11,0,0
Y44-YHB,Seg12,0,0
Y44-YHB,Seg13,0,0
Y44-YHB,Seg14,0,0
Y44-YHB,Seg15,0,0
Y44-YHB,Seg16,0,1
Y44-YHB,Seg17,0,0
Y44-YHB,Seg18,0,0
Y44-YHB,Seg19,0,0
Y44-YHB,Seg20,0,0
Y44-YHB,Seg21,0,0
Z66-NRG,Seg1,6,0
Z66-NRG,Seg2,6,0
Z66-NRG,Seg3,6,0
Z66-NRG,Seg4,6,0
Z66-NRG,Seg5,6,0
Z66-NRG,Seg6,6,0
Z66-NRG,Seg7,6,0
Z66-NRG,Seg8,6,0
Z66-NRG,Seg9,6,0
Z66-NRG,Seg10,6,0
Z66-NRG,Seg11,6,0
Z66-NRG,Seg12,6,0
Z66-NRG,Seg13,6,0
Z66-NRG,Seg14,6,0
Z66-NRG,Seg15,6,0
Z66-NRG,Seg16,6,0
Z66-NRG,Seg17,6,0
Z66-NRG,Seg18,6,0
Z66-NRG,Seg19,6,0
Z66-NRG,Seg20,6,0
Z66-NRG,Seg21,6,0
M30-KCT,Seg1,10,0
M30-KCT,Seg2,10,0
M30-KCT,Seg3,10,0
M30-KCT,Seg4,10,0
M30-KCT,Seg5,10,0
M30-KCT,Seg6,10,0
M30-KCT,Seg7,10,0
M30-KCT,Seg8,10,0
M30-KCT,Seg9,10,0
M30-KCT,Seg10,10,0
M30-KCT,Seg11,10,0
M30-KCT,Seg12,10,0
M30-KCT,Seg13,10,0
M30-KCT,Seg14,10,0
M30-KCT,Seg15,10,0
M30-KCT,Seg16,10,0
M30-KCT,Seg17,10,0
M30-KCT,Seg18,10,0
M30-KCT,Seg19,10,1
M30-KCT,Seg20,10,0
M30-KCT,Seg21,10,0
P40-WRF,Seg1,0,0
P40-WRF,Seg2,0,0
P40-WRF,Seg3,0,0
P40-WRF,Seg4,0,0
P40-WRF,Seg5,0,0
P40-WRF,Seg6,0,0
P40-WRF,Seg7,0,0
P40-WRF,Seg8,0,0
P40-WRF,Seg9,0,0
P40-WRF,Seg10,0,0
P40-WRF,Seg11,0,0
P40-WRF,Seg12,0,0
P40-WRF,Seg13,0,0
P40-WRF,Seg14,0,0
P40-WRF,Seg15,0,0
P40-WRF,Seg16,0,0
P40-WRF,Seg17,0,0
P40-WRF,Seg18,0,0
P40-WRF,Seg19,0,0
P40-WRF,Seg20,0,0
P40-WRF,Seg21,0,0
X92-BYZ,Seg1,0,0
X92-BYZ,Seg2,0,0
X92-BYZ,Seg3,0,0
X92-BYZ,Seg4,0,0
X92-BYZ,Seg5,0,0
X92-BYZ,Seg6,0,0
X92-BYZ,Seg7,0,0
X92-BYZ,Seg8,0,0
X92-BYZ,Seg9,0,0
X92-BYZ,Seg10,0,0
X92-BYZ,Seg11,0,0
X92-BYZ,Seg12,0,0
X92-BYZ,Seg13,0,1
X92-BYZ,Seg14,0,0
X92-BYZ,Seg15,0,0
X92-BYZ,Seg16,0,0
X92-BYZ,Seg17,0,0
X92-BYZ,Seg18,0,0
X92-BYZ,Seg19,0,0
X92-BYZ,Seg20,0,1
X92-BYZ,Seg21,0,0
C49-NGG,Seg1,3,0
C49-NGG,Seg2,3,0
C49-NGG,Seg3,3,0
C49-NGG,Seg4,3,0
C49-NGG,Seg5,3,0
C49-NGG,Seg6,3,0
C49-NGG,Seg7,3,0
C49-NGG,Seg8,3,0
C49-NGG,Seg9,3,0
C49-NGG,Seg10,3,0
C49-NGG,Seg11,3,0
C49-NGG,Seg12,3,0
C49-NGG,Seg13,3,0
C49-NGG,Seg14,3,0
C49-NGG,Seg15,3,0
C49-NGG,Seg16,3,0
C49-NGG,Seg17,3,0
C49-NGG,Seg18,3,0
C49-NGG,Seg19,3,0
C49-NGG,Seg20,3,0
C49-NGG,Seg21,3,0
Z08-BKP,Seg1,10,0
Z08-BKP,Seg2,10,0
Z08-BKP,Seg3,10,0
Z08-BKP,Seg4,10,1
Z08-BKP,Seg5,10,0
Z08-BKP,Seg6,10,0
Z08-BKP,Seg7,10,0
Z08-BKP,Seg8,10,0
Z08-BKP,Seg9,10,0
Z08-BKP,Seg10,10,1
Z08-BKP,Seg11,10,0
Z08-BKP,Seg12,10,0
Z08-BKP,Seg13,10,0
Z08-BKP,Seg14,10,0
Z08-BKP,Seg15,10,0
Z08-BKP,Seg16,10,1
Z08-BKP,Seg17,10,0
Z08-BKP,Seg18,10,0
Z08-BKP,Seg19,10,0
Z08-BKP,Seg20,10,0
Z08-BKP,Seg21,10,0
D96-FCK,Seg1,9,0
D96-FCK,Seg2,9,0
D96-FCK,Seg3,9,0
D96-FCK,Seg4,9,0
D96-FCK,Seg5,9,0
D96-FCK,Seg6,9,0
D96-FCK,Seg7,9,0
D96-FCK,Seg8,9,0
D96-FCK,Seg9,9,0
D96-FCK,Seg10,9,0
D96-FCK,Seg11,9,0
D96-FCK,Seg12,9,0
D96-FCK,Seg13,9,0
D96-FCK,Seg14,9,0
D96-FCK,Seg15,9,0
D96-FCK,Seg16,9,0
D96-FCK,Seg17,9,0
D96-FCK,Seg18,9,0
D96-FCK,Seg19,9,0
D96-FCK,Seg20,9,0
D96-FCK,Seg21,9,0
M56-RZD,Seg1,1,0
M56-RZD,Seg2,1,0
M56-RZD,Seg3,1,1
M56-RZD,Seg4,1,0
M56-RZD,Seg5,1,1
M56-RZD,Seg6,1,0
M56-RZD,Seg7,1,0
M56-RZD,Seg8,1,0
M56-RZD,Seg9,1,0
M56-RZD,Seg10,1,0
M56-RZD,Seg11,1,0
M56-RZD,Seg12,1,0
M56-RZD,Seg13,1,0
M56-RZD,Seg14,1,0
M56-RZD,Seg15,1,1
M56-RZD,Seg16,1,0
M56-RZD,Seg17,1,0
M56-RZD,Seg18,1,0
M56-RZD,Seg19,1,0
M56-RZD,Seg20,1,0
M56-RZD,Seg21,1,0
G89-BXM,Seg1,0,0
G89-BXM,Seg2,0,0
G89-BXM,Seg3,0,0
G89-BXM,Seg4,0,0
G89-BXM,Seg5,0,0
G89-BXM,Seg6,0,0
G89-BXM,Seg7,0,0
G89-BXM,Seg8,0,0
G89-BXM,Seg9,0,0
G89-BXM,Seg10,0,0
G89-BXM,Seg11,0,0
G89-BXM,Seg12,0,0
G89-BXM,Seg13,0,0
G89-BXM,Seg14,0,0
G89-BXM,Seg15,0,0
G89-BXM,Seg16,0,0
G89-BXM,Seg17,0,0
G89-BXM,Seg18,0,0
G89-BXM,Seg19,0,0
G89-BXM,Seg20,0,0
G89-BXM,Seg21,0,0
G22-WGH,Seg1,0,0
G22-WGH,Seg2,0,0
G22-WGH,Seg3,0,0
G22-WGH,Seg4,0,0
G22-WGH,Seg5,0,0
G22-WGH,Seg6,0,0
G22-WGH,Seg7,0,0
G22-WGH,Seg8,0,0
G22-WGH,Seg9,0,0
G22-WGH,Seg10,0,0
G22-WGH,Seg11,0,0
G22-WGH,Seg12,0,0
G22-WGH,Seg13,0,0
G22-WGH,Seg14,0,0
G22-WGH,Seg15,0,0
G22-WGH,Seg16,0,0
G22-WGH,Seg17,0,0
G22-WGH,Seg18,0,0
G22-WGH,Seg19,0,0
G22-WGH,Seg20,0,0
G22-WGH,Seg21,0,0
G68-HRM,Seg1,0,0
G68-HRM,Seg2,0,0
G68-HRM,Seg3,0,0
G68-HRM,Seg4,0,0
G68-HRM,Seg5,0,0
G68-HRM,Seg6,0,0
G68-HRM,Seg7,0,0
G68-HRM,Seg8,0,0
G68-HRM,Seg9,0,0
G68-HRM,Seg10,0,0
G68-HRM,Seg11,0,0
G68-HRM,Seg12,0,0
G68-HRM,Seg13,0,0
G68-HRM,Seg14,0,0
G68-HRM,Seg15,0,0
G68-HRM,Seg16,0,0
G68-HRM,Seg17,0,0
G68-HRM,Seg18,0,0
G68-HRM,Seg19,0,0
G68-HRM,Seg20,0,0
G68-HRM,Seg21,0,0
D79-HWF,Seg1,0,0
D79-HWF,Seg2,0,0
D79-HWF,Seg3,0,0
D79-HWF,Seg4,0,0
D79-HWF,Seg5,0,0
D79-HWF,Seg6,0,0
D79-HWF,Seg7,0,0
D79-HWF,Seg8,0,0
D79-HWF,Seg9,0,0
D79-HWF,Seg10,0,0
D79-HWF,Seg11,0,0
D79-HWF,Seg12,0,0
D79-HWF,Seg13,0,0
D79-HWF,Seg14,0,0
D79-HWF,Seg15,0,0
D79-HWF,Seg16,0,0
D79-HWF,Seg17,0,0
D79-HWF,Seg18,0,0
D79-HWF,Seg19,0,0
D79-HWF,Seg20,0,0
D79-HWF,Seg21,0,0
H82-KDV,Seg1,10,0
H82-KDV,Seg2,10,0
H82-KDV,Seg3,10,0
H82-KDV,Seg4,10,0
H82-KDV,Seg5,10,0
H82-KDV,Seg6,10,0
H82-KDV,Seg7,10,0
H82-KDV,Seg8,10,0
H82-KDV,Seg9,10,0
H82-KDV,Seg10,10,0
H82-KDV,Seg11,10,0
H82-KDV,Seg12,10,0
H82-KDV,Seg13,10,0
H82-KDV,Seg14,10,0
H82-KDV,Seg15,10,1
H82-KDV,Seg16,10,0
H82-KDV,Seg17,10,0
H82-KDV,Seg18,10,0
H82-KDV,Seg19,10,0
H82-KDV,Seg20,10,0
H82-KDV,Seg21,10,0
R04-FBH,Seg1,2,0
R04-FBH,Seg2,2,0
R04-FBH,Seg3,2,0
R04-FBH,Seg4,2,0
R04-FBH,Seg5,2,0
R04-FBH,Seg6,2,0
R04-FBH,Seg7,2,0
R04-FBH,Seg8,2,0
R04-FBH,Seg9,2,0
R04-FBH,Seg10,2,0
R04-FBH,Seg11,2,1
R04-FBH,Seg12,2,0
R04-FBH,Seg13,2,0
R04-FBH,Seg14,2,0
R04-FBH,Seg15,2,0
R04-FBH,Seg16,2,0
R04-FBH,Seg17,2,0
R04-FBH,Seg18,2,0
R04-FBH,Seg19,2,0
R04-FBH,Seg20,2,0
R04-FBH,Seg21,2,0
H08-FMM,Seg1,0,0
H08-FMM,Seg2,0,0
H08-FMM,Seg3,0,0
H08-FMM,Seg4,0,0
H08-FMM,Seg5,0,0
H08-FMM,Seg6,0,0
H08-FMM,Seg7,0,0
H08-FMM,Seg8,0,0
H08-FMM,Seg9,0,0
H08-FMM,Seg10,0,0
H08-FMM,Seg11,0,0
H08-FMM,Seg12,0,0
H08-FMM,Seg13,0,0
H08-FMM,Seg14,0,0
H08-FMM,Seg15,0,0
H08-FMM,Seg16,0,0
H08-FMM,Seg17,0,0
H08-FMM,Seg18,0,0
H08-FMM,Seg19,0,0
H08-FMM,Seg20,0,0
H08-FMM,Seg21,0,0
N77-BVH,Seg1,10,0
N77-BVH,Seg2,10,0
N77-BVH,Seg3,10,0
N77-BVH,Seg4,10,0
N77-BVH,Seg5,10,0
N77-BVH,Seg6,10,0
N77-BVH,Seg7,10,0
N77-BVH,Seg8,10,0
N77-BVH,Seg9,10,0
N77-BVH,Seg10,10,0
N77-BVH,Seg11,10,0
N77-BVH,Seg12,10,0
N77-BVH,Seg13,10,0
N77-BVH,Seg14,10,0
N77-BVH,Seg15,10,0
N77-BVH,Seg16,10,0
N77-BVH,Seg17,10,0
N77-BVH,Seg18,10,0
N77-BVH,Seg19,10,0
N77-BVH,Seg20,10,0
N77-BVH,Seg21,10,0
W82-BNG,Seg1,10,0
W82-BNG,Seg2,10,0
W82-BNG,Seg3,10,1
W82-BNG,Seg4,10,0
W82-BNG,Seg5,10,1
W82-BNG,Seg6,10,0
W82-BNG,Seg7,10,0
W82-BNG,Seg8,10,0
W82-BNG,Seg9,10,1
W82-BNG,Seg10,10,0
W82-BNG,Seg11,10,0
W82-BNG,Seg12,10,0
W82-BNG,Seg13,10,0
W82-BNG,Seg14,10,0
W82-BNG,Seg15,10,0
W82-BNG,Seg16,10,0
W82-BNG,Seg17,10,0
W82-BNG,Seg18,10,0
W82-BNG,Seg19,10,0
W82-BNG,Seg20,10,0
W82-BNG,Seg21,10,1
Z48-BWV,Seg1,10,0
Z48-BWV,Seg2,10,0
Z48-BWV,Seg3,10,0
Z48-BWV,Seg4,10,0
Z48-BWV,Seg5,10,0
Z48-BWV,Seg6,10,0
Z48-BWV,Seg7,10,0
Z48-BWV,Seg8,10,0
Z48-BWV,Seg9,10,0
Z48-BWV,Seg10,10,0
Z48-BWV,Seg11,10,0
Z48-BWV,Seg12,10,0
Z48-BWV,Seg13,10,0
Z48-BWV,Seg14,10,0
Z48-BWV,Seg15,10,1
Z48-BWV,Seg16,10,0
Z48-BWV,Seg17,10,0
Z48-BWV,Seg18,10,0
Z48-BWV,Seg19,10,0
Z48-BWV,Seg20,10,0
Z48-BWV,Seg21,10,0
G97-KPM,Seg1,0,0
G97-KPM,Seg2,0,0
G97-KPM,Seg3,0,0
G97-KPM,Seg4,0,0
G97-KPM,Seg5,0,0
G97-KPM,Seg6,0,0
G97-KPM,Seg7,0,0
G97-KPM,Seg8,0,0
G97-KPM,Seg9,0,0
G97-KPM,Seg10,0,0
G97-KPM,Seg11,0,0
G97-KPM,Seg12,0,0
G97-KPM,Seg13,0,0
G97-KPM,Seg14,0,1
G97-KPM,Seg15,0,0
G97-KPM,Seg16,0,0
G97-KPM,Seg17,0,0
G97-KPM,Seg18,0,0
G97-KPM,Seg19,0,0
G97-KPM,Seg20,0,0
G97-KPM,Seg21,0,0
B77-KVF,Seg1,0,0
B77-KVF,Seg2,0,0
B77-KVF,Seg3,0,1
B77-KVF,Seg4,0,0
B77-KVF,Seg5,0,1
B77-KVF,Seg6,0,0
B77-KVF,Seg7,0,0
B77-KVF,Seg8,0,0
B77-KVF,Seg9,0,0
B77-KVF,Seg10,0,0
B77-KVF,Seg11,0,0
B77-KVF,Seg12,0,0
B77-KVF,Seg13,0,0
B77-KVF,Seg14,0,0
B77-KVF,Seg15,0,0
B77-KVF,Seg16,0,1
B77-KVF,Seg17,0,0
B77-KVF,Seg18,0,0
B77-KVF,Seg19,0,0
B77-KVF,Seg20,0,0
B77-KVF,Seg21,0,0
X01-DWM,Seg1,2,0
X01-DWM,Seg2,2,0
X01-DWM,Seg3,2,0
X01-DWM,Seg4,2,0
X01-DWM,Seg5,2,0
X01-DWM,Seg6,2,0
X01-DWM,Seg7,2,1
X01-DWM,Seg8,2,0
X01-DWM,Seg9,2,1
X01-DWM,Seg10,2,0
X01-DWM,Seg11,2,0
X01-DWM,Seg12,2,0
X01-DWM,Seg13,2,0
X01-DWM,Seg14,2,1
X01-DWM,Seg15,2,1
X01-DWM,Seg16,2,0
X01-DWM,Seg17,2,0
X01-DWM,Seg18,2,0
X01-DWM,Seg19,2,0
X01-DWM,Seg20,2,0
X01-DWM,Seg21,2,0
K32-DDZ,Seg1,0,0
K32-DDZ,Seg2,0,0
K32-DDZ,Seg3,0,1
K32-DDZ,Seg4,0,1
K32-DDZ,Seg5,0,0
K32-DDZ,Seg6,0,0
K32-DDZ,Seg7,0,0
K32-DDZ,Seg8,0,0
K32-DDZ,Seg9,0,0
K32-DDZ,Seg10,0,0
K32-DDZ,Seg11,0,0
K32-DDZ,Seg12,0,0
K32-DDZ,Seg13,0,0
K32-DDZ,Seg14,0,1
K32-DDZ,Seg15,0,0
K32-DDZ,Seg16,0,0
K32-DDZ,Seg17,0,0
K32-DDZ,Seg18,0,0
K32-DDZ,Seg19,0,0
K32-DDZ,Seg20,0,0
K32-DDZ,Seg21,0,0
F59-GMY,Seg1,6,0
F59-GMY,Seg2,6,0
F59-GMY,Seg3,6,0
F59-GMY,Seg4,6,0
F59-GMY,Seg5,6,0
F59-GMY,Seg6,6,0
F59-GMY,Seg7,6,0
F59-GMY,Seg8,6,0
F59-GMY,Seg9,6,0
F59-GMY,Seg10,6,0
F59-GMY,Seg11,6,0
F59-GMY,Seg12,6,0
F59-GMY,Seg13,6,1
F59-GMY,Seg14,6,0
F59-GMY,Seg15,6,0
F59-GMY,Seg16,6,0
F59-GMY,Seg17,6,0
F59-GMY,Seg18,6,0
F59-GMY,Seg19,6,0
F59-GMY,Seg20,6,0
F59-GMY,Seg21,6,0
V19-BTW,Seg1,4,0
V19-BTW,Seg2,4,0
V19-BTW,Seg3,4,0
V19-BTW,Seg4,4,0
V19-BTW,Seg5,4,0
V19-BTW,Seg6,4,0
V19-BTW,Seg7,4,0
V19-BTW,Seg8,4,0
V19-BTW,Seg9,4,0
V19-BTW,Seg10,4,0
V19-BTW,Seg11,4,0
V19-BTW,Seg12,4,0
V19-BTW,Seg13,4,0
V19-BTW,Seg14,4,0
V19-BTW,Seg15,4,0
V19-BTW,Seg16,4,0
V19-BTW,Seg17,4,0
V19-BTW,Seg18,4,0
V19-BTW,Seg19,4,0
V19-BTW,Seg20,4,0
V19-BTW,Seg21,4,0
S07-WGD,Seg1,0,0
S07-WGD,Seg2,0,0
S07-WGD,Seg3,0,0
S07-WGD,Seg4,0,0
S07-WGD,Seg5,0,0
S07-WGD,Seg6,0,0
S07-WGD,Seg7,0,0
S07-WGD,Seg8,0,0
S07-WGD,Seg9,0,0
S07-WGD,Seg10,0,0
S07-WGD,Seg11,0,0
S07-WGD,Seg12,0,0
S07-WGD,Seg13,0,0
S07-WGD,Seg14,0,0
S07-WGD,Seg15,0,0
S07-WGD,Seg16,0,0
S07-WGD,Seg17,0,0
S07-WGD,Seg18,0,0
S07-WGD,Seg19,0,0
S07-WGD,Seg20,0,0
S07-WGD,Seg21,0,0
T93-KGM,Seg1,6,0
T93-KGM,Seg2,6,0
T93-KGM,Seg3,6,1
T93-KGM,Seg4,6,0
T93-KGM,Seg5,6,1
T93-KGM,Seg6,6,0
T93-KGM,Seg7,6,0
T93-KGM,Seg8,6,0
T93-KGM,Seg9,6,0
T93-KGM,Seg10,6,0
T93-KGM,Seg11,6,0
T93-KGM,Seg12,6,1
T93-KGM,Seg13,6,0
T93-KGM,Seg14,6,0
T93-KGM,Seg15,6,0
T93-KGM,Seg16,6,0
T93-KGM,Seg17,6,0
T93-KGM,Seg18,6,0
T93-KGM,Seg19,6,0
T93-KGM,Seg20,6,0
T93-KGM,Seg21,6,0
F90-WKY,Seg1,10,0
F90-WKY,Seg2,10,0
F90-WKY,Seg3,10,0
F90-WKY,Seg4,10,0
F90-WKY,Seg5,10,0
F90-WKY,Seg6,10,0
F90-WKY,Seg7,10,0
F90-WKY,Seg8,10,0
F90-WKY,Seg9,10,0
F90-WKY,Seg10,10,0
F90-WKY,Seg11,10,0
F90-WKY,Seg12,10,0
F90-WKY,Seg13,10,1
F90-WKY,Seg14,10,0
F90-WKY,Seg15,10,1
F90-WKY,Seg16,10,0
F90-WKY,Seg17,10,0
F90-WKY,Seg18,10,0
F90-WKY,Seg19,10,0
F90-WKY,Seg20,10,0
F90-WKY,Seg21,10,0
D61-CVD,Seg1,10,0
D61-CVD,Seg2,10,0
D61-CVD,Seg3,10,0
D61-CVD,Seg4,10,0
D61-CVD,Seg5,10,0
D61-CVD,Seg6,10,0
D61-CVD,Seg7,10,0
D61-CVD,Seg8,10,0
D61-CVD,Seg9,10,0
D61-CVD,Seg10,10,0
D61-CVD,Seg11,10,0
D61-CVD,Seg12,10,1
D61-CVD,Seg13,10,0
D61-CVD,Seg14,10,0
D61-CVD,Seg15,10,0
D61-CVD,Seg16,10,0
D61-CVD,Seg17,10,0
D61-CVD,Seg18,10,0
D61-CVD,Seg19,10,0
D61-CVD,Seg20,10,0
D61-CVD,Seg21,10,0
C48-TWT,Seg1,10,0
C48-TWT,Seg2,10,0
C48-TWT,Seg3,10,0
C48-TWT,Seg4,10,0
C48-TWT,Seg5,10,0
C48-TWT,Seg6,10,0
C48-TWT,Seg7,10,0
C48-TWT,Seg8,10,0
C48-TWT,Seg9,10,0
C48-TWT,Seg10,10,0
C48-TWT,Seg11,10,0
C48-TWT,Seg12,10,0
C48-TWT,Seg13,10,0
C48-TWT,Seg14,10,0
C48-TWT,Seg15,10,0
C48-TWT,Seg16,10,0
C48-TWT,Seg17,10,1
C48-TWT,Seg18,10,0
C48-TWT,Seg19,10,1
C48-TWT,Seg20,10,1
C48-TWT,Seg21,10,0
V56-CKX,Seg1,0,0
V56-CKX,Seg2,0,0
V56-CKX,Seg3,0,0
V56-CKX,Seg4,0,0
V56-CKX,Seg5,0,0
V56-CKX,Seg6,0,0
V56-CKX,Seg7,0,0
V56-CKX,Seg8,0,0
V56-CKX,Seg9,0,0
V56-CKX,Seg10,0,0
V56-CKX,Seg11,0,0
V56-CKX,Seg12,0,0
V56-CKX,Seg13,0,0
V56-CKX,Seg14,0,0
V56-CKX,Seg15,0,0
V56-CKX,Seg16,0,0
V56-CKX,Seg17,0,0
V56-CKX,Seg18,0,0
V56-CKX,Seg19,0,0
V56-CKX,Seg20,0,0
V56-CKX,Seg21,0,0
B73-KBZ,Seg1,0,0
B73-KBZ,Seg2,0,0
B73-KBZ,Seg3,0,0
B73-KBZ,Seg4,0,0
B73-KBZ,Seg5,0,0
B73-KBZ,Seg6,0,0
B73-KBZ,Seg7,0,0
B73-KBZ,Seg8,0,0
B73-KBZ,Seg9,0,0
B73-KBZ,Seg10,0,0
B73-KBZ,Seg11,0,0
B73-KBZ,Seg12,0,0
B73-KBZ,Seg13,0,0
B73-KBZ,Seg14,0,0
B73-KBZ,Seg15,0,0
B73-KBZ,Seg16,0,0
B73-KBZ,Seg17,0,0
B73-KBZ,Seg18,0,0
B73-KBZ,Seg19,0,0
B73-KBZ,Seg20,0,0
B73-KBZ,Seg21,0,0
P33-YPZ,Seg1,0,0
P33-YPZ,Seg2,0,0
P33-YPZ,Seg3,0,0
P33-YPZ,Seg4,0,0
P33-YPZ,Seg5,0,0
P33-YPZ,Seg6,0,0
P33-YPZ,Seg7,0,0
P33-YPZ,Seg8,0,0
P33-YPZ,Seg9,0,0
P33-YPZ,Seg10,0,0
P33-YPZ,Seg11,0,0
P33-YPZ,Seg12,0,0
P33-YPZ,Seg13,0,0
P33-YPZ,Seg14,0,0
P33-YPZ,Seg15,0,0
P33-YPZ,Seg16,0,0
P33-YPZ,Seg17,0,0
P33-YPZ,Seg18,0,0
P33-YPZ,Seg19,0,0
P33-YPZ,Seg20,0,0
P33-YPZ,Seg21,0,0
M36-BYR,Seg1,0,0
M36-BYR,Seg2,0,0
M36-BYR,Seg3,0,0
M36-BYR,Seg4,0,0
M36-BYR,Seg5,0,0
M36-BYR,Seg6,0,0
M36-BYR,Seg7,0,0
M36-BYR,Seg8,0,0
M36-BYR,Seg9,0,0
M36-BYR,Seg10,0,0
M36-BYR,Seg11,0,0
M36-BYR,Seg12,0,0
M36-BYR,Seg13,0,0
M36-BYR,Seg14,0,0
M36-BYR,Seg15,0,0
M36-BYR,Seg16,0,0
M36-BYR,Seg17,0,0
M36-BYR,Seg18,0,0
M36-BYR,Seg19,0,0
M36-BYR,Seg20,0,0
M36-BYR,Seg21,0,0
R46-GWN,Seg1,10,0
R46-GWN,Seg2,10,0
R46-GWN,Seg3,10,1
R46-GWN,Seg4,10,0
R46-GWN,Seg5,10,1
R46-GWN,Seg6,10,0
R46-GWN,Seg7,10,0
R46-GWN,Seg8,10,0
R46-GWN,Seg9,10,0
R46-GWN,Seg10,10,0
R46-GWN,Seg11,10,1
R46-GWN,Seg12,10,1
R46-GWN,Seg13,10,0
R46-GWN,Seg14,10,1
R46-GWN,Seg15,10,0
R46-GWN,Seg16,10,0
R46-GWN,Seg17,10,0
R46-GWN,Seg18,10,0
R46-GWN,Seg19,10,0
R46-GWN,Seg20,10,0
R46-GWN,Seg21,10,0
V00-HNB,Seg1,0,0
V00-HNB,Seg2,0,0
V00-HNB,Seg3,0,0
V00-HNB,Seg4,0,0
V00-HNB,Seg5,0,0
V00-HNB,Seg6,0,0
V00-HNB,Seg7,0,0
V00-HNB,Seg8,0,0
V00-HNB,Seg9,0,0
V00-HNB,Seg10,0,0
V00-HNB,Seg11,0,0
V00-HNB,Seg12,0,0
V00-HNB,Seg13,0,0
V00-HNB,Seg14,0,0
V00-HNB,Seg15,0,0
V00-HNB,Seg16,0,0
V00-HNB,Seg17,0,0
V00-HNB,Seg18,0,0
V00-HNB,Seg19,0,0
V00-HNB,Seg20,0,0
V00-HNB,Seg21,0,0
N81-KPP,Seg1,4,0
N81-KPP,Seg2,4,0
N81-KPP,Seg3,4,0
N81-KPP,Seg4,4,0
N81-KPP,Seg5,4,0
N81-KPP,Seg6,4,0
N81-KPP,Seg7,4,0
N81-KPP,Seg8,4,0
N81-KPP,Seg9,4,0
N81-KPP,Seg10,4,0
N81-KPP,Seg11,4,0
N81-KPP,Seg12,4,0
N81-KPP,Seg13,4,0
N81-KPP,Seg14,4,0
N81-KPP,Seg15,4,0
N81-KPP,Seg16,4,0
N81-KPP,Seg17,4,0
N81-KPP,Seg18,4,0
N81-KPP,Seg19,4,0
N81-KPP,Seg20,4,0
N81-KPP,Seg21,4,0
M58-DMF,Seg1,0,0
M58-DMF,Seg2,0,0
M58-DMF,Seg3,0,0
M58-DMF,Seg4,0,0
M58-DMF,Seg5,0,1
M58-DMF,Seg6,0,0
M58-DMF,Seg7,0,0
M58-DMF,Seg8,0,0
M58-DMF,Seg9,0,0
M58-DMF,Seg10,0,0
M58-DMF,Seg11,0,0
M58-DMF,Seg12,0,0
M58-DMF,Seg13,0,0
M58-DMF,Seg14,0,0
M58-DMF,Seg15,0,0
M58-DMF,Seg16,0,0
M58-DMF,Seg17,0,1
M58-DMF,Seg18,0,0
M58-DMF,Seg19,0,0
M58-DMF,Seg20,0,1
M58-DMF,Seg21,0,0
K39-RVX,Seg1,10,0
K39-RVX,Seg2,10,0
K39-RVX,Seg3,10,0
K39-RVX,Seg4,10,0
K39-RVX,Seg5,10,0
K39-RVX,Seg6,10,0
K39-RVX,Seg7,10,0
K39-RVX,Seg8,10,0
K39-RVX,Seg9,10,0
K39-RVX,Seg10,10,0
K39-RVX,Seg11,10,0
K39-RVX,Seg12,10,0
K39-RVX,Seg13,10,0
K39-RVX,Seg14,10,0
K39-RVX,Seg15,10,0
K39-RVX,Seg16,10,0
K39-RVX,Seg17,10,0
K39-RVX,Seg18,10,0
K39-RVX,Seg19,10,0
K39-RVX,Seg20,10,0
K39-RVX,Seg21,10,0
N18-GMC,Seg1,0,0
N18-GMC,Seg2,0,0
N18-GMC,Seg3,0,0
N18-GMC,Seg4,0,0
N18-GMC,Seg5,0,0
N18-GMC,Seg6,0,0
N18-GMC,Seg7,0,0
N18-GMC,Seg8,0,0
N18-GMC,Seg9,0,0
N18-GMC,Seg10,0,0
N18-GMC,Seg11,0,0
N18-GMC,Seg12,0,0
N18-GMC,Seg13,0,0
N18-GMC,Seg14,0,0
N18-GMC,Seg15,0,0
N18-GMC,Seg16,0,0
N18-GMC,Seg17,0,0
N18-GMC,Seg18,0,0
N18-GMC,Seg19,0,0
N18-GMC,Seg20,0,0
N18-GMC,Seg21,0,0
W48-MZN,Seg1,10,0
W48-MZN,Seg2,10,0
W48-MZN,Seg3,10,0
W48-MZN,Seg4,10,0
W48-MZN,Seg5,10,0
W48-MZN,Seg6,10,0
W48-MZN,Seg7,10,0
W48-MZN,Seg8,10,0
W48-MZN,Seg9,10,0
W48-MZN,Seg10,10,0
W48-MZN,Seg11,10,0
W48-MZN,Seg12,10,0
W48-MZN,Seg13,10,0
W48-MZN,Seg14,10,0
W48-MZN,Seg15,10,0
W48-MZN,Seg16,10,1
W48-MZN,Seg17,10,0
W48-MZN,Seg18,10,0
W48-MZN,Seg19,10,0
W48-MZN,Seg20,10,0
W48-MZN,Seg21,10,0
S16-KFT,Seg1,6,0
S16-KFT,Seg2,6,0
S16-KFT,Seg3,6,0
S16-KFT,Seg4,6,0
S16-KFT,Seg5,6,0
S16-KFT,Seg6,6,0
S16-KFT,Seg7,6,0
S16-KFT,Seg8,6,0
S16-KFT,Seg9,6,0
S16-KFT,Seg10,6,0
S16-KFT,Seg11,6,0
S16-KFT,Seg12,6,1
S16-KFT,Seg13,6,0
S16-KFT,Seg14,6,0
S16-KFT,Seg15,6,0
S16-KFT,Seg16,6,0
S16-KFT,Seg17,6,0
S16-KFT,Seg18,6,0
S16-KFT,Seg19,6,0
S16-KFT,Seg20,6,0
S16-KFT,Seg21,6,0
D95-BCN,Seg1,0,0
D95-BCN,Seg2,0,0
D95-BCN,Seg3,0,0
D95-BCN,Seg4,0,0
D95-BCN,Seg5,0,0
D95-BCN,Seg6,0,0
D95-BCN,Seg7,0,0
D95-BCN,Seg8,0,0
D95-BCN,Seg9,0,0
D95-BCN,Seg10,0,0
D95-BCN,Seg11,0,0
D95-BCN,Seg12,0,0
D95-BCN,Seg13,0,0
D95-BCN,Seg14,0,0
D95-BCN,Seg15,0,0
D95-BCN,Seg16,0,0
D95-BCN,Seg17,0,0
D95-BCN,Seg18,0,0
D95-BCN,Seg19,0,0
D95-BCN,Seg20,0,0
D95-BCN,Seg21,0,0
T78-WZC,Seg1,9,0
T78-WZC,Seg2,9,0
T78-WZC,Seg3,9,0
T78-WZC,Seg4,9,0
T78-WZC,Seg5,9,0
T78-WZC,Seg6,9,0
T78-WZC,Seg7,9,0
T78-WZC,Seg8,9,0
T78-WZC,Seg9,9,0
T78-WZC,Seg10,9,0
T78-WZC,Seg11,9,0
T78-WZC,Seg12,9,1
T78-WZC,Seg13,9,0
T78-WZC,Seg14,9,0
T78-WZC,Seg15,9,0
T78-WZC,Seg16,9,0
T78-WZC,Seg17,9,0
T78-WZC,Seg18,9,0
T78-WZC,Seg19,9,0
T78-WZC,Seg20,9,0
T78-WZC,Seg21,9,0
K16-WNN,Seg1,10,0
K16-WNN,Seg2,10,0
K16-WNN,Seg3,10,1
K16-WNN,Seg4,10,1
K16-WNN,Seg5,10,0
K16-WNN,Seg6,10,0
K16-WNN,Seg7,10,1
K16-WNN,Seg8,10,0
K16-WNN,Seg9,10,1
K16-WNN,Seg10,10,0
K16-WNN,Seg11,10,1
K16-WNN,Seg12,10,0
K16-WNN,Seg13,10,0
K16-WNN,Seg14,10,0
K16-WNN,Seg15,10,1
K16-WNN,Seg16,10,0
K16-WNN,Seg17,10,0
K16-WNN,Seg18,10,0
K16-WNN,Seg19,10,0
K16-WNN,Seg20,10,0
K16-WNN,Seg21,10,0
V18-FDC,Seg1,0,0
V18-FDC,Seg2,0,0
V18-FDC,Seg3,0,0
V18-FDC,Seg4,0,0
V18-FDC,Seg5,0,0
V18-FDC,Seg6,0,0
V18-FDC,Seg7,0,0
V18-FDC,Seg8,0,0
V18-FDC,Seg9,0,0
V18-FDC,Seg10,0,1
V18-FDC,Seg11,0,0
V18-FDC,Seg12,0,0
V18-FDC,Seg13,0,0
V18-FDC,Seg14,0,0
V18-FDC,Seg15,0,1
V18-FDC,Seg16,0,0
V18-FDC,Seg17,0,0
V18-FDC,Seg18,0,0
V18-FDC,Seg19,0,0
V18-FDC,Seg20,0,0
V18-FDC,Seg21,0,0
Y07-PFZ,Seg1,7,0
Y07-PFZ,Seg2,7,0
Y07-PFZ,Seg3,7,0
Y07-PFZ,Seg4,7,0
Y07-PFZ,Seg5,7,0
Y07-PFZ,Seg6,7,0
Y07-PFZ,Seg7,7,0
Y07-PFZ,Seg8,7,0
Y07-PFZ,Seg9,7,0
Y07-PFZ,Seg10,7,0
Y07-PFZ,Seg11,7,0
Y07-PFZ,Seg12,7,1
Y07-PFZ,Seg13,7,0
Y07-PFZ,Seg14,7,0
Y07-PFZ,Seg15,7,0
Y07-PFZ,Seg16,7,0
Y07-PFZ,Seg17,7,0
Y07-PFZ,Seg18,7,0
Y07-PFZ,Seg19,7,0
Y07-PFZ,Seg20,7,0
Y07-PFZ,Seg21,7,0
Z51-FBW,Seg1,7,0
Z51-FBW,Seg2,7,0
Z51-FBW,Seg3,7,0
Z51-FBW,Seg4,7,0
Z51-FBW,Seg5,7,0
Z51-FBW,Seg6,7,0
Z51-FBW,Seg7,7,0
Z51-FBW,Seg8,7,0
Z51-FBW,Seg9,7,0
Z51-FBW,Seg10,7,0
Z51-FBW,Seg11,7,0
Z51-FBW,Seg12,7,0
Z51-FBW,Seg13,7,0
Z51-FBW,Seg14,7,0
Z51-FBW,Seg15,7,0
Z51-FBW,Seg16,7,0
Z51-FBW,Seg17,7,0
Z51-FBW,Seg18,7,0
Z51-FBW,Seg19,7,0
Z51-FBW,Seg20,7,0
Z51-FBW,Seg21,7,0
P61-TTK,Seg1,1,0
P61-TTK,Seg2,1,0
P61-TTK,Seg3,1,0
P61-TTK,Seg4,1,0
P61-TTK,Seg5,1,0
P61-TTK,Seg6,1,0
P61-TTK,Seg7,1,0
P61-TTK,Seg8,1,0
P61-TTK,Seg9,1,0
P61-TTK,Seg10,1,0
P61-TTK,Seg11,1,0
P61-TTK,Seg12,1,0
P61-TTK,Seg13,1,0
P61-TTK,Seg14,1,0
P61-TTK,Seg15,1,0
P61-TTK,Seg16,1,1
P61-TTK,Seg17,1,0
P61-TTK,Seg18,1,0
P61-TTK,Seg19,1,0
P61-TTK,Seg20,1,0
P61-TTK,Seg21,1,0
T54-BPR,Seg1,10,0
T54-BPR,Seg2,10,0
T54-BPR,Seg3,10,0
T54-BPR,Seg4,10,0
T54-BPR,Seg5,10,1
T54-BPR,Seg6,10,0
T54-BPR,Seg7,10,0
T54-BPR,Seg8,10,0
T54-BPR,Seg9,10,0
T54-BPR,Seg10,10,0
T54-BPR,Seg11,10,1
T54-BPR,Seg12,10,0
T54-BPR,Seg13,10,0
T54-BPR,Seg14,10,0
T54-BPR,Seg15,10,0
T54-BPR,Seg16,10,0
T54-BPR,Seg17,10,0
T54-BPR,Seg18,10,0
T54-BPR,Seg19,10,0
T54-BPR,Seg20,10,0
T54-BPR,Seg21,10,0
H07-CKT,Seg1,0,0
H07-CKT,Seg2,0,0
H07-CKT,Seg3,0,0
H07-CKT,Seg4,0,0
H07-CKT,Seg5,0,0
H07-CKT,Seg6,0,0
H07-CKT,Seg7,0,0
H07-CKT,Seg8,0,0
H07-CKT,Seg9,0,0
H07-CKT,Seg10,0,0
H07-CKT,Seg11,0,0
H07-CKT,Seg12,0,1
H07-CKT,Seg13,0,0
H07-CKT,Seg14,0,0
H07-CKT,Seg15,0,0
H07-CKT,Seg16,0,1
H07-CKT,Seg17,0,0
H07-CKT,Seg18,0,0
H07-CKT,Seg19,0,0
H07-CKT,Seg20,0,0
H07-CKT,Seg21,0,0
H01-VSY,Seg1,1,0
H01-VSY,Seg2,1,0
H01-VSY,Seg3,1,0
H01-VSY,Seg4,1,0
H01-VSY,Seg5,1,0
H01-VSY,Seg6,1,0
H01-VSY,Seg7,1,0
H01-VSY,Seg8,1,0
H01-VSY,Seg9,1,0
H01-VSY,Seg10,1,0
H01-VSY,Seg11,1,0
H01-VSY,Seg12,1,0
H01-VSY,Seg13,1,0
H01-VSY,Seg14,1,0
H01-VSY,Seg15,1,0
H01-VSY,Seg16,1,0
H01-VSY,Seg17,1,0
H01-VSY,Seg18,1,0
H01-VSY,Seg19,1,0
H01-VSY,Seg20,1,0
H01-VSY,Seg21,1,0
K91-NZZ,Seg1,10,0
K91-NZZ,Seg2,10,0
K91-NZZ,Seg3,10,0
K91-NZZ,Seg4,10,0
K91-NZZ,Seg5,10,0
K91-NZZ,Seg6,10,0
K91-NZZ,Seg7,10,0
K91-NZZ,Seg8,10,0
K91-NZZ,Seg9,10,0
K91-NZZ,Seg10,10,0
K91-NZZ,Seg11,10,0
K91-NZZ,Seg12,10,1
K91-NZZ,Seg13,10,0
K91-NZZ,Seg14,10,0
K91-NZZ,Seg15,10,0
K91-NZZ,Seg16,10,1
K91-NZZ,Seg17,10,0
K91-NZZ,Seg18,10,0
K91-NZZ,Seg19,10,0
K91-NZZ,Seg20,10,0
K91-NZZ,Seg21,10,0
W60-GFS,Seg1,10,0
W60-GFS,Seg2,10,0
W60-GFS,Seg3,10,0
W60-GFS,Seg4,10,0
W60-GFS,Seg5,10,0
W60-GFS,Seg6,10,0
W60-GFS,Seg7,10,0
W60-GFS,Seg8,10,0
W60-GFS,Seg9,10,0
W60-GFS,Seg10,10,0
W60-GFS,Seg11,10,0
W60-GFS,Seg12,10,0
W60-GFS,Seg13,10,0
W60-GFS,Seg14,10,0
W60-GFS,Seg15,10,0
W60-GFS,Seg16,10,0
W60-GFS,Seg17,10,0
W60-GFS,Seg18,10,0
W60-GFS,Seg19,10,0
W60-GFS,Seg20,10,0
W60-GFS,Seg21,10,0
Z68-DPD,Seg1,10,0
Z68-DPD,Seg2,10,0
Z68-DPD,Seg3,10,0
Z68-DPD,Seg4,10,0
Z68-DPD,Seg5,10,0
Z68-DPD,Seg6,10,0
Z68-DPD,Seg7,10,0
Z68-DPD,Seg8,10,0
Z68-DPD,Seg9,10,0
Z68-DPD,Seg10,10,0
Z68-DPD,Seg11,10,0
Z68-DPD,Seg12,10,0
Z68-DPD,Seg13,10,0
Z68-DPD,Seg14,10,0
Z68-DPD,Seg15,10,0
Z68-DPD,Seg16,10,0
Z68-DPD,Seg17,10,0
Z68-DPD,Seg18,10,0
Z68-DPD,Seg19,10,0
Z68-DPD,Seg20,10,0
Z68-DPD,Seg21,10,0
N42-YXR,Seg1,7,0
N42-YXR,Seg2,7,0
N42-YXR,Seg3,7,0
N42-YXR,Seg4,7,0
N42-YXR,Seg5,7,0
N42-YXR,Seg6,7,0
N42-YXR,Seg7,7,0
N42-YXR,Seg8,7,0
N42-YXR,Seg9,7,1
N42-YXR,Seg10,7,0
N42-YXR,Seg11,7,1
N42-YXR,Seg12,7,0
N42-YXR,Seg13,7,1
N42-YXR,Seg14,7,0
N42-YXR,Seg15,7,1
N42-YXR,Seg16,7,0
N42-YXR,Seg17,7,0
N42-YXR,Seg18,7,0
N42-YXR,Seg19,7,0
N42-YXR,Seg20,7,0
N42-YXR,Seg21,7,0
D32-GBN,Seg1,10,0
D32-GBN,Seg2,10,0
D32-GBN,Seg3,10,0
D32-GBN,Seg4,10,0
D32-GBN,Seg5,10,0
D32-GBN,Seg6,10,0
D32-GBN,Seg7,10,0
D32-GBN,Seg8,10,0
D32-GBN,Seg9,10,0
D32-GBN,Seg10,10,0
D32-GBN,Seg11,10,0
D32-GBN,Seg12,10,0
D32-GBN,Seg13,10,1
D32-GBN,Seg14,10,0
D32-GBN,Seg15,10,0
D32-GBN,Seg16,10,0
D32-GBN,Seg17,10,0
D32-GBN,Seg18,10,0
D32-GBN,Seg19,10,0
D32-GBN,Seg20,10,0
D32-GBN,Seg21,10,0
D46-SCP,Seg1,0,0
D46-SCP,Seg2,0,0
D46-SCP,Seg3,0,0
D46-SCP,Seg4,0,0
D46-SCP,Seg5,0,0
D46-SCP,Seg6,0,0
D46-SCP,Seg7,0,0
D46-SCP,Seg8,0,0
D46-SCP,Seg9,0,0
D46-SCP,Seg10,0,0
D46-SCP,Seg11,0,0
D46-SCP,Seg12,0,0
D46-SCP,Seg13,0,0
D46-SCP,Seg14,0,0
D46-SCP,Seg15,0,0
D46-SCP,Seg16,0,0
D46-SCP,Seg17,0,0
D46-SCP,Seg18,0,0
D46-SCP,Seg19,0,0
D46-SCP,Seg20,0,0
D46-SCP,Seg21,0,0
T33-NHZ,Seg1,0,0
T33-NHZ,Seg2,0,0
T33-NHZ,Seg3,0,0
T33-NHZ,Seg4,0,1
T33-NHZ,Seg5,0,0
T33-NHZ,Seg6,0,0
T33-NHZ,Seg7,0,0
T33-NHZ,Seg8,0,0
T33-NHZ,Seg9,0,0
T33-NHZ,Seg10,0,0
T33-NHZ,Seg11,0,1
T33-NHZ,Seg12,0,0
T33-NHZ,Seg13,0,0
T33-NHZ,Seg14,0,0
T33-NHZ,Seg15,0,0
T33-NHZ,Seg16,0,0
T33-NHZ,Seg17,0,0
T33-NHZ,Seg18,0,0
T33-NHZ,Seg19,0,0
T33-NHZ,Seg20,0,0
T33-NHZ,Seg21,0,0
D62-BKR,Seg1,0,0
D62-BKR,Seg2,0,0
D62-BKR,Seg3,0,0
D62-BKR,Seg4,0,0
D62-BKR,Seg5,0,0
D62-BKR,Seg6,0,0
D62-BKR,Seg7,0,0
D62-BKR,Seg8,0,0
D62-BKR,Seg9,0,0
D62-BKR,Seg10,0,0
D62-BKR,Seg11,0,0
D62-BKR,Seg12,0,0
D62-BKR,Seg13,0,0
D62-BKR,Seg14,0,0
D62-BKR,Seg15,0,0
D62-BKR,Seg16,0,0
D62-BKR,Seg17,0,0
D62-BKR,Seg18,0,0
D62-BKR,Seg19,0,0
D62-BKR,Seg20,0,0
D62-BKR,Seg21,0,0
G35-WYR,Seg1,10,0
G35-WYR,Seg2,10,0
G35-WYR,Seg3,10,0
G35-WYR,Seg4,10,0
G35-WYR,Seg5,10,0
G35-WYR,Seg6,10,0
G35-WYR,Seg7,10,0
G35-WYR,Seg8,10,0
G35-WYR,Seg9,10,0
G35-WYR,Seg10,10,0
G35-WYR,Seg11,10,0
G35-WYR,Seg12,10,0
G35-WYR,Seg13,10,0
G35-WYR,Seg14,10,0
G35-WYR,Seg15,10,0
G35-WYR,Seg16,10,0
G35-WYR,Seg17,10,0
G35-WYR,Seg18,10,0
G35-WYR,Seg19,10,0
G35-WYR,Seg20,10,0
G35-WYR,Seg21,10,0
X85-GNT,Seg1,5,0
X85-GNT,Seg2,5,0
X85-GNT,Seg3,5,0
X85-GNT,Seg4,5,0
X85-GNT,Seg5,5,0
X85-GNT,Seg6,5,0
X85-GNT,Seg7,5,0
X85-GNT,Seg8,5,0
X85-GNT,Seg9,5,0
X85-GNT,Seg10,5,0
X85-GNT,Seg11,5,0
X85-GNT,Seg12,5,0
X85-GNT,Seg13,5,0
X85-GNT,Seg14,5,0
X85-GNT,Seg15,5,0
X85-GNT,Seg16,5,0
X85-GNT,Seg17,5,0
X85-GNT,Seg18,5,0
X85-GNT,Seg19,5,0
X85-GNT,Seg20,5,0
X85-GNT,Seg21,5,0
X02-HHX,Seg1,2,0
X02-HHX,Seg2,2,1
X02-HHX,Seg3,2,0
X02-HHX,Seg4,2,1
X02-HHX,Seg5,2,0
X02-HHX,Seg6,2,0
X02-HHX,Seg7,2,0
X02-HHX,Seg8,2,0
X02-HHX,Seg9,2,0
X02-HHX,Seg10,2,0
X02-HHX,Seg11,2,0
X02-HHX,Seg12,2,0
X02-HHX,Seg13,2,0
X02-HHX,Seg14,2,0
X02-HHX,Seg15,2,0
X02-HHX,Seg16,2,0
X02-HHX,Seg17,2,0
X02-HHX,Seg18,2,0
X02-HHX,Seg19,2,0
X02-HHX,Seg20,2,1
X02-HHX,Seg21,2,0
V78-BDN,Seg1,10,0
V78-BDN,Seg2,10,0
V78-BDN,Seg3,10,0
V78-BDN,Seg4,10,1
V78-BDN,Seg5,10,0
V78-BDN,Seg6,10,0
V78-BDN,Seg7,10,0
V78-BDN,Seg8,10,0
V78-BDN,Seg9,10,0
V78-BDN,Seg10,10,0
V78-BDN,Seg11,10,0
V78-BDN,Seg12,10,0
V78-BDN,Seg13,10,0
V78-BDN,Seg14,10,0
V78-BDN,Seg15,10,0
V78-BDN,Seg16,10,1
V78-BDN,Seg17,10,0
V78-BDN,Seg18,10,0
V78-BDN,Seg19,10,0
V78-BDN,Seg20,10,0
V78-BDN,Seg21,10,0
R75-TGP,Seg1,10,0
R75-TGP,Seg2,10,0
R75-TGP,Seg3,10,0
R75-TGP,Seg4,10,1
R75-TGP,Seg5,10,0
R75-TGP,Seg6,10,0
R75-TGP,Seg7,10,0
R75-TGP,Seg8,10,0
R75-TGP,Seg9,10,0
R75-TGP,Seg10,10,0
R75-TGP,Seg11,10,0
R75-TGP,Seg12,10,0
R75-TGP,Seg13,10,0
R75-TGP,Seg14,10,0
R75-TGP,Seg15,10,1
R75-TGP,Seg16,10,0
R75-TGP,Seg17,10,0
R75-TGP,Seg18,10,0
R75-TGP,Seg19,10,0
R75-TGP,Seg20,10,0
R75-TGP,Seg21,10,0
G24-CWG,Seg1,10,0
G24-CWG,Seg2,10,0
G24-CWG,Seg3,10,0
G24-CWG,Seg4,10,0
G24-CWG,Seg5,10,0
G24-CWG,Seg6,10,0
G24-CWG,Seg7,10,0
G24-CWG,Seg8,10,0
G24-CWG,Seg9,10,0
G24-CWG,Seg10,10,0
G24-CWG,Seg11,10,0
G24-CWG,Seg12,10,0
G24-CWG,Seg13,10,0
G24-CWG,Seg14,10,1
G24-CWG,Seg15,10,0
G24-CWG,Seg16,10,0
G24-CWG,Seg17,10,0
G24-CWG,Seg18,10,0
G24-CWG,Seg19,10,1
G24-CWG,Seg20,10,0
G24-CWG,Seg21,10,0
K77-KFB,Seg1,9,0
K77-KFB,Seg2,9,0
K77-KFB,Seg3,9,0
K77-KFB,Seg4,9,0
K77-KFB,Seg5,9,0
K77-KFB,Seg6,9,0
K77-KFB,Seg7,9,0
K77-KFB,Seg8,9,0
K77-KFB,Seg9,9,1
K77-KFB,Seg10,9,1
K77-KFB,Seg11,9,0
K77-KFB,Seg12,9,0
K77-KFB,Seg13,9,0
K77-KFB,Seg14,9,0
K77-KFB,Seg15,9,0
K77-KFB,Seg16,9,1
K77-KFB,Seg17,9,0
K77-KFB,Seg18,9,0
K77-KFB,Seg19,9,0
K77-KFB,Seg20,9,0
K77-KFB,Seg21,9,0
Z73-BNV,Seg1,10,0
Z73-BNV,Seg2,10,0
Z73-BNV,Seg3,10,1
Z73-BNV,Seg4,10,0
Z73-BNV,Seg5,10,0
Z73-BNV,Seg6,10,1
Z73-BNV,Seg7,10,0
Z73-BNV,Seg8,10,1
Z73-BNV,Seg9,10,0
Z73-BNV,Seg10,10,0
Z73-BNV,Seg11,10,1
Z73-BNV,Seg12,10,0
Z73-BNV,Seg13,10,1
Z73-BNV,Seg14,10,1
Z73-BNV,Seg15,10,0
Z73-BNV,Seg16,10,1
Z73-BNV,Seg17,10,0
Z73-BNV,Seg18,10,0
Z73-BNV,Seg19,10,0
Z73-BNV,Seg20,10,0
Z73-BNV,Seg21,10,0
R50-BNB,Seg1,3,0
R50-BNB,Seg2,3,0
R50-BNB,Seg3,3,0
R50-BNB,Seg4,3,0
R50-BNB,Seg5,3,0
R50-BNB,Seg6,3,0
R50-BNB,Seg7,3,0
R50-BNB,Seg8,3,0
R50-BNB,Seg9,3,0
R50-BNB,Seg10,3,0
R50-BNB,Seg11,3,0
R50-BNB,Seg12,3,0
R50-BNB,Seg13,3,0
R50-BNB,Seg14,3,0
R50-BNB,Seg15,3,0
R50-BNB,Seg16,3,0
R50-BNB,Seg17,3,0
R50-BNB,Seg18,3,0
R50-BNB,Seg19,3,0
R50-BNB,Seg20,3,0
R50-BNB,Seg21,3,0
X57-PNT,Seg1,0,0
X57-PNT,Seg2,0,1
X57-PNT,Seg3,0,0
X57-PNT,Seg4,0,1
X57-PNT,Seg5,0,0
X57-PNT,Seg6,0,0
X57-PNT,Seg7,0,0
X57-PNT,Seg8,0,0
X57-PNT,Seg9,0,1
X57-PNT,Seg10,0,0
X57-PNT,Seg11,0,0
X57-PNT,Seg12,0,0
X57-PNT,Seg13,0,0
X57-PNT,Seg14,0,0
X57-PNT,Seg15,0,0
X57-PNT,Seg16,0,1
X57-PNT,Seg17,0,0
X57-PNT,Seg18,0,0
X57-PNT,Seg19,0,0
X57-PNT,Seg20,0,0
X57-PNT,Seg21,0,0
R38-TBS,Seg1,0,0
R38-TBS,Seg2,0,0
R38-TBS,Seg3,0,0
R38-TBS,Seg4,0,0
R38-TBS,Seg5,0,0
R38-TBS,Seg6,0,0
R38-TBS,Seg7,0,0
R38-TBS,Seg8,0,0
R38-TBS,Seg9,0,0
R38-TBS,Seg10,0,0
R38-TBS,Seg11,0,0
R38-TBS,Seg12,0,0
R38-TBS,Seg13,0,0
R38-TBS,Seg14,0,0
R38-TBS,Seg15,0,0
R38-TBS,Seg16,0,0
R38-TBS,Seg17,0,0
R38-TBS,Seg18,0,0
R38-TBS,Seg19,0,0
R38-TBS,Seg20,0,0
R38-TBS,Seg21,0,0
R17-ZWB,Seg1,10,0
R17-ZWB,Seg2,10,1
R17-ZWB,Seg3,10,0
R17-ZWB,Seg4,10,0
R17-ZWB,Seg5,10,1
R17-ZWB,Seg6,10,0
R17-ZWB,Seg7,10,0
R17-ZWB,Seg8,10,0
R17-ZWB,Seg9,10,1
R17-ZWB,Seg10,10,0
R17-ZWB,Seg11,10,0
R17-ZWB,Seg12,10,1
R17-ZWB,Seg13,10,1
R17-ZWB,Seg14,10,1
R17-ZWB,Seg15,10,1
R17-ZWB,Seg16,10,0
R17-ZWB,Seg17,10,0
R17-ZWB,Seg18,10,0
R17-ZWB,Seg19,10,0
R17-ZWB,Seg20,10,0
R17-ZWB,Seg21,10,0
P39-GZS,Seg1,0,0
P39-GZS,Seg2,0,0
P39-GZS,Seg3,0,0
P39-GZS,Seg4,0,0
P39-GZS,Seg5,0,0
P39-GZS,Seg6,0,0
P39-GZS,Seg7,0,0
P39-GZS,Seg8,0,0
P39-GZS,Seg9,0,0
P39-GZS,Seg10,0,0
P39-GZS,Seg11,0,0
P39-GZS,Seg12,0,0
P39-GZS,Seg13,0,0
P39-GZS,Seg14,0,0
P39-GZS,Seg15,0,0
P39-GZS,Seg16,0,0
P39-GZS,Seg17,0,0
P39-GZS,Seg18,0,0
P39-GZS,Seg19,0,0
P39-GZS,Seg20,0,0
P39-GZS,Seg21,0,0
C65-PKV,Seg1,0,0
C65-PKV,Seg2,0,0
C65-PKV,Seg3,0,0
C65-PKV,Seg4,0,0
C65-PKV,Seg5,0,0
C65-PKV,Seg6,0,0
C65-PKV,Seg7,0,0
C65-PKV,Seg8,0,0
C65-PKV,Seg9,0,0
C65-PKV,Seg10,0,0
C65-PKV,Seg11,0,0
C65-PKV,Seg12,0,0
C65-PKV,Seg13,0,0
C65-PKV,Seg14,0,0
C65-PKV,Seg15,0,0
C65-PKV,Seg16,0,0
C65-PKV,Seg17,0,0
C65-PKV,Seg18,0,0
C65-PKV,Seg19,0,0
C65-PKV,Seg20,0,0
C65-PKV,Seg21,0,0
P16-YPG,Seg1,6,0
P16-YPG,Seg2,6,0
P16-YPG,Seg3,6,0
P16-YPG,Seg4,6,0
P16-YPG,Seg5,6,0
P16-YPG,Seg6,6,0
P16-YPG,Seg7,6,0
P16-YPG,Seg8,6,0
P16-YPG,Seg9,6,0
P16-YPG,Seg10,6,0
P16-YPG,Seg11,6,0
P16-YPG,Seg12,6,0
P16-YPG,Seg13,6,1
P16-YPG,Seg14,6,0
P16-YPG,Seg15,6,1
P16-YPG,Seg16,6,0
P16-YPG,Seg17,6,0
P16-YPG,Seg18,6,0
P16-YPG,Seg19,6,0
P16-YPG,Seg20,6,0
P16-YPG,Seg21,6,0
C49-SZV,Seg1,10,0
C49-SZV,Seg2,10,0
C49-SZV,Seg3,10,0
C49-SZV,Seg4,10,0
C49-SZV,Seg5,10,0
C49-SZV,Seg6,10,0
C49-SZV,Seg7,10,0
C49-SZV,Seg8,10,0
C49-SZV,Seg9,10,0
C49-SZV,Seg10,10,0
C49-SZV,Seg11,10,0
C49-SZV,Seg12,10,0
C49-SZV,Seg13,10,0
C49-SZV,Seg14,10,0
C49-SZV,Seg15,10,0
C49-SZV,Seg16,10,0
C49-SZV,Seg17,10,0
C49-SZV,Seg18,10,0
C49-SZV,Seg19,10,0
C49-SZV,Seg20,10,0
C49-SZV,Seg21,10,0
G37-DDZ,Seg1,8,0
G37-DDZ,Seg2,8,0
G37-DDZ,Seg3,8,0
G37-DDZ,Seg4,8,0
G37-DDZ,Seg5,8,0
G37-DDZ,Seg6,8,0
G37-DDZ,Seg7,8,0
G37-DDZ,Seg8,8,0
G37-DDZ,Seg9,8,0
G37-DDZ,Seg10,8,0
G37-DDZ,Seg11,8,0
G37-DDZ,Seg12,8,0
G37-DDZ,Seg13,8,0
G37-DDZ,Seg14,8,0
G37-DDZ,Seg15,8,0
G37-DDZ,Seg16,8,0
G37-DDZ,Seg17,8,0
G37-DDZ,Seg18,8,0
G37-DDZ,Seg19,8,0
G37-DDZ,Seg20,8,0
G37-DDZ,Seg21,8,0
Z28-FCV,Seg1,3,0
Z28-FCV,Seg2,3,0
Z28-FCV,Seg3,3,0
Z28-FCV,Seg4,3,0
Z28-FCV,Seg5,3,0
Z28-FCV,Seg6,3,0
Z28-FCV,Seg7,3,0
Z28-FCV,Seg8,3,0
Z28-FCV,Seg9,3,0
Z28-FCV,Seg10,3,0
Z28-FCV,Seg11,3,0
Z28-FCV,Seg12,3,0
Z28-FCV,Seg13,3,0
Z28-FCV,Seg14,3,0
Z28-FCV,Seg15,3,0
Z28-FCV,Seg16,3,0
Z28-FCV,Seg17,3,0
Z28-FCV,Seg18,3,0
Z28-FCV,Seg19,3,0
Z28-FCV,Seg20,3,0
Z28-FCV,Seg21,3,0
W88-RXX,Seg1,2,0
W88-RXX,Seg2,2,0
W88-RXX,Seg3,2,0
W88-RXX,Seg4,2,0
W88-RXX,Seg5,2,0
W88-RXX,Seg6,2,0
W88-RXX,Seg7,2,0
W88-RXX,Seg8,2,0
W88-RXX,Seg9,2,0
W88-RXX,Seg10,2,0
W88-RXX,Seg11,2,0
W88-RXX,Seg12,2,0
W88-RXX,Seg13,2,0
W88-RXX,Seg14,2,0
W88-RXX,Seg15,2,0
W88-RXX,Seg16,2,0
W88-RXX,Seg17,2,0
W88-RXX,Seg18,2,0
W88-RXX,Seg19,2,0
W88-RXX,Seg20,2,0
W88-RXX,Seg21,2,0
G14-DGV,Seg1,0,0
G14-DGV,Seg2,0,0
G14-DGV,Seg3,0,0
G14-DGV,Seg4,0,0
G14-DGV,Seg5,0,0
G14-DGV,Seg6,0,0
G14-DGV,Seg7,0,0
G14-DGV,Seg8,0,0
G14-DGV,Seg9,0,0
G14-DGV,Seg10,0,0
G14-DGV,Seg11,0,0
G14-DGV,Seg12,0,0
G14-DGV,Seg13,0,0
G14-DGV,Seg14,0,0
G14-DGV,Seg15,0,0
G14-DGV,Seg16,0,0
G14-DGV,Seg17,0,0
G14-DGV,Seg18,0,0
G14-DGV,Seg19,0,1
G14-DGV,Seg20,0,0
G14-DGV,Seg21,0,0
T09-CFV,Seg1,10,0
T09-CFV,Seg2,10,0
T09-CFV,Seg3,10,0
T09-CFV,Seg4,10,0
T09-CFV,Seg5,10,0
T09-CFV,Seg6,10,0
T09-CFV,Seg7,10,0
T09-CFV,Seg8,10,0
T09-CFV,Seg9,10,0
T09-CFV,Seg10,10,0
T09-CFV,Seg11,10,0
T09-CFV,Seg12,10,0
T09-CFV,Seg13,10,0
T09-CFV,Seg14,10,0
T09-CFV,Seg15,10,0
T09-CFV,Seg16,10,0
T09-CFV,Seg17,10,0
T09-CFV,Seg18,10,0
T09-CFV,Seg19,10,0
T09-CFV,Seg20,10,0
T09-CFV,Seg21,10,0
W92-PGZ,Seg1,4,0
W92-PGZ,Seg2,4,0
W92-PGZ,Seg3,4,0
W92-PGZ,Seg4,4,0
W92-PGZ,Seg5,4,0
W92-PGZ,Seg6,4,0
W92-PGZ,Seg7,4,0
W92-PGZ,Seg8,4,0
W92-PGZ,Seg9,4,0
W92-PGZ,Seg10,4,0
W92-PGZ,Seg11,4,0
W92-PGZ,Seg12,4,0
W92-PGZ,Seg13,4,0
W92-PGZ,Seg14,4,0
W92-PGZ,Seg15,4,0
W92-PGZ,Seg16,4,0
W92-PGZ,Seg17,4,0
W92-PGZ,Seg18,4,0
W92-PGZ,Seg19,4,0
W92-PGZ,Seg20,4,0
W92-PGZ,Seg21,4,0
P73-CRS,Seg1,10,0
P73-CRS,Seg2,10,0
P73-CRS,Seg3,10,0
P73-CRS,Seg4,10,0
P73-CRS,Seg5,10,0
P73-CRS,Seg6,10,0
P73-CRS,Seg7,10,0
P73-CRS,Seg8,10,0
P73-CRS,Seg9,10,0
P73-CRS,Seg10,10,1
P73-CRS,Seg11,10,0
P73-CRS,Seg12,10,0
P73-CRS,Seg13,10,0
P73-CRS,Seg14,10,0
P73-CRS,Seg15,10,1
P73-CRS,Seg16,10,0
P73-CRS,Seg17,10,0
P73-CRS,Seg18,10,0
P73-CRS,Seg19,10,0
P73-CRS,Seg20,10,0
P73-CRS,Seg21,10,0
V62-TKG,Seg1,10,0
V62-TKG,Seg2,10,0
V62-TKG,Seg3,10,0
V62-TKG,Seg4,10,0
V62-TKG,Seg5,10,0
V62-TKG,Seg6,10,0
V62-TKG,Seg7,10,0
V62-TKG,Seg8,10,0
V62-TKG,Seg9,10,0
V62-TKG,Seg10,10,0
V62-TKG,Seg11,10,0
V62-TKG,Seg12,10,0
V62-TKG,Seg13,10,0
V62-TKG,Seg14,10,0
V62-TKG,Seg15,10,0
V62-TKG,Seg16,10,0
V62-TKG,Seg17,10,0
V62-TKG,Seg18,10,0
V62-TKG,Seg19,10,0
V62-TKG,Seg20,10,0
V62-TKG,Seg21,10,0
X68-BTH,Seg1,10,0
X68-BTH,Seg2,10,0
X68-BTH,Seg3,10,0
X68-BTH,Seg4,10,0
X68-BTH,Seg5,10,0
X68-BTH,Seg6,10,0
X68-BTH,Seg7,10,0
X68-BTH,Seg8,10,0
X68-BTH,Seg9,10,1
X68-BTH,Seg10,10,1
X68-BTH,Seg11,10,0
X68-BTH,Seg12,10,0
X68-BTH,Seg13,10,0
X68-BTH,Seg14,10,0
X68-BTH,Seg15,10,0
X68-BTH,Seg16,10,0
X68-BTH,Seg17,10,0
X68-BTH,Seg18,10,0
X68-BTH,Seg19,10,0
X68-BTH,Seg20,10,0
X68-BTH,Seg21,10,0
X76-HXX,Seg1,10,0
X76-HXX,Seg2,10,0
X76-HXX,Seg3,10,0
X76-HXX,Seg4,10,0
X76-HXX,Seg5,10,0
X76-HXX,Seg6,10,0
X76-HXX,Seg7,10,0
X76-HXX,Seg8,10,0
X76-HXX,Seg9,10,0
X76-HXX,Seg10,10,0
X76-HXX,Seg11,10,0
X76-HXX,Seg12,10,0
X76-HXX,Seg13,10,0
X76-HXX,Seg14,10,0
X76-HXX,Seg15,10,0
X76-HXX,Seg16,10,0
X76-HXX,Seg17,10,0
X76-HXX,Seg18,10,0
X76-HXX,Seg19,10,0
X76-HXX,Seg20,10,0
X76-HXX,Seg21,10,0
G89-WVZ,Seg1,2,0
G89-WVZ,Seg2,2,0
G89-WVZ,Seg3,2,0
G89-WVZ,Seg4,2,0
G89-WVZ,Seg5,2,0
G89-WVZ,Seg6,2,0
G89-WVZ,Seg7,2,0
G89-WVZ,Seg8,2,1
G89-WVZ,Seg9,2,1
G89-WVZ,Seg10,2,0
G89-WVZ,Seg11,2,0
G89-WVZ,Seg12,2,0
G89-WVZ,Seg13,2,0
G89-WVZ,Seg14,2,0
G89-WVZ,Seg15,2,1
G89-WVZ,Seg16,2,0
G89-WVZ,Seg17,2,0
G89-WVZ,Seg18,2,0
G89-WVZ,Seg19,2,0
G89-WVZ,Seg20,2,0
G89-WVZ,Seg21,2,0
